//! Format-aware micro-stubs for game video containers.
//!
//! Many game engines load intro, logo, and splash videos at startup and will crash or
//! hang if the video file is missing or contains 0 bytes when expecting a valid header.
//! This module provides minimal, 100% valid micro-stubs (1-frame black video or minimal
//! valid container headers) for common game video formats:
//! - Bink 1 (`.bik`)
//! - Bink 2 (`.bk2`)
//! - MP4 (`.mp4`, `.m4v`)
//! - WebM / MKV (`.webm`, `.mkv`)
//! - Ogg Theora (`.ogv`, `.ogg`)
//! - Windows Media Video (`.wmv`)
//! - AVI (`.avi`)
//! - CRI Sofdec USM (`.usm`)
//! - Generic fallback (0-byte slice)

use std::fs::{self, File};
use std::io::{self, Read};
use std::path::Path;

pub const BIK1_STUB: &[u8] = &[
    0x42, 0x49, 0x4b, 0x69, 0x30, 0x00, 0x00, 0x00, 0x01, 0x00, 0x00, 0x00, 0x04, 0x00, 0x00, 0x00,
    0x01, 0x00, 0x00, 0x00, 0x01, 0x00, 0x00, 0x00, 0x01, 0x00, 0x00, 0x00, 0x1e, 0x00, 0x00, 0x00,
    0x01, 0x00, 0x00, 0x00, 0x00, 0x00, 0x00, 0x00, 0x00, 0x00, 0x00, 0x00, 0x35, 0x00, 0x00, 0x00,
    0x38, 0x00, 0x00, 0x00, 0x00, 0x00, 0x00, 0x00,
];
pub const BINK2_STUB: &[u8] = &[
    0x4b, 0x42, 0x32, 0x6b, 0x30, 0x00, 0x00, 0x00, 0x01, 0x00, 0x00, 0x00, 0x04, 0x00, 0x00, 0x00,
    0x01, 0x00, 0x00, 0x00, 0x01, 0x00, 0x00, 0x00, 0x01, 0x00, 0x00, 0x00, 0x1e, 0x00, 0x00, 0x00,
    0x01, 0x00, 0x00, 0x00, 0x00, 0x00, 0x00, 0x00, 0x00, 0x00, 0x00, 0x00, 0x35, 0x00, 0x00, 0x00,
    0x38, 0x00, 0x00, 0x00, 0x00, 0x00, 0x00, 0x00,
];
pub const MP4_STUB: &[u8] = &[
    0x00, 0x00, 0x00, 0x20, 0x66, 0x74, 0x79, 0x70, 0x69, 0x73, 0x6f, 0x6d, 0x00, 0x00, 0x02, 0x00,
    0x69, 0x73, 0x6f, 0x6d, 0x69, 0x73, 0x6f, 0x32, 0x61, 0x76, 0x63, 0x31, 0x6d, 0x70, 0x34, 0x31,
    0x00, 0x00, 0x03, 0x0f, 0x6d, 0x6f, 0x6f, 0x76, 0x00, 0x00, 0x00, 0x6c, 0x6d, 0x76, 0x68, 0x64,
    0x00, 0x00, 0x00, 0x00, 0x00, 0x00, 0x00, 0x00, 0x00, 0x00, 0x00, 0x00, 0x00, 0x00, 0x03, 0xe8,
    0x00, 0x00, 0x00, 0x28, 0x00, 0x01, 0x00, 0x00, 0x01, 0x00, 0x00, 0x00, 0x00, 0x00, 0x00, 0x00,
    0x00, 0x00, 0x00, 0x00, 0x00, 0x01, 0x00, 0x00, 0x00, 0x00, 0x00, 0x00, 0x00, 0x00, 0x00, 0x00,
    0x00, 0x00, 0x00, 0x00, 0x00, 0x01, 0x00, 0x00, 0x00, 0x00, 0x00, 0x00, 0x00, 0x00, 0x00, 0x00,
    0x00, 0x00, 0x00, 0x00, 0x40, 0x00, 0x00, 0x00, 0x00, 0x00, 0x00, 0x00, 0x00, 0x00, 0x00, 0x00,
    0x00, 0x00, 0x00, 0x00, 0x00, 0x00, 0x00, 0x00, 0x00, 0x00, 0x00, 0x00, 0x00, 0x00, 0x00, 0x00,
    0x00, 0x00, 0x00, 0x02, 0x00, 0x00, 0x02, 0x39, 0x74, 0x72, 0x61, 0x6b, 0x00, 0x00, 0x00, 0x5c,
    0x74, 0x6b, 0x68, 0x64, 0x00, 0x00, 0x00, 0x03, 0x00, 0x00, 0x00, 0x00, 0x00, 0x00, 0x00, 0x00,
    0x00, 0x00, 0x00, 0x01, 0x00, 0x00, 0x00, 0x00, 0x00, 0x00, 0x00, 0x28, 0x00, 0x00, 0x00, 0x00,
    0x00, 0x00, 0x00, 0x00, 0x00, 0x00, 0x00, 0x00, 0x00, 0x00, 0x00, 0x00, 0x00, 0x01, 0x00, 0x00,
    0x00, 0x00, 0x00, 0x00, 0x00, 0x00, 0x00, 0x00, 0x00, 0x00, 0x00, 0x00, 0x00, 0x01, 0x00, 0x00,
    0x00, 0x00, 0x00, 0x00, 0x00, 0x00, 0x00, 0x00, 0x00, 0x00, 0x00, 0x00, 0x40, 0x00, 0x00, 0x00,
    0x00, 0x10, 0x00, 0x00, 0x00, 0x10, 0x00, 0x00, 0x00, 0x00, 0x00, 0x24, 0x65, 0x64, 0x74, 0x73,
    0x00, 0x00, 0x00, 0x1c, 0x65, 0x6c, 0x73, 0x74, 0x00, 0x00, 0x00, 0x00, 0x00, 0x00, 0x00, 0x01,
    0x00, 0x00, 0x00, 0x28, 0x00, 0x00, 0x00, 0x00, 0x00, 0x01, 0x00, 0x00, 0x00, 0x00, 0x01, 0xb1,
    0x6d, 0x64, 0x69, 0x61, 0x00, 0x00, 0x00, 0x20, 0x6d, 0x64, 0x68, 0x64, 0x00, 0x00, 0x00, 0x00,
    0x00, 0x00, 0x00, 0x00, 0x00, 0x00, 0x00, 0x00, 0x00, 0x00, 0x32, 0x00, 0x00, 0x00, 0x02, 0x00,
    0x55, 0xc4, 0x00, 0x00, 0x00, 0x00, 0x00, 0x2d, 0x68, 0x64, 0x6c, 0x72, 0x00, 0x00, 0x00, 0x00,
    0x00, 0x00, 0x00, 0x00, 0x76, 0x69, 0x64, 0x65, 0x00, 0x00, 0x00, 0x00, 0x00, 0x00, 0x00, 0x00,
    0x00, 0x00, 0x00, 0x00, 0x56, 0x69, 0x64, 0x65, 0x6f, 0x48, 0x61, 0x6e, 0x64, 0x6c, 0x65, 0x72,
    0x00, 0x00, 0x00, 0x01, 0x5c, 0x6d, 0x69, 0x6e, 0x66, 0x00, 0x00, 0x00, 0x14, 0x76, 0x6d, 0x68,
    0x64, 0x00, 0x00, 0x00, 0x01, 0x00, 0x00, 0x00, 0x00, 0x00, 0x00, 0x00, 0x00, 0x00, 0x00, 0x00,
    0x24, 0x64, 0x69, 0x6e, 0x66, 0x00, 0x00, 0x00, 0x1c, 0x64, 0x72, 0x65, 0x66, 0x00, 0x00, 0x00,
    0x00, 0x00, 0x00, 0x00, 0x01, 0x00, 0x00, 0x00, 0x0c, 0x75, 0x72, 0x6c, 0x20, 0x00, 0x00, 0x00,
    0x01, 0x00, 0x00, 0x01, 0x1c, 0x73, 0x74, 0x62, 0x6c, 0x00, 0x00, 0x00, 0xb8, 0x73, 0x74, 0x73,
    0x64, 0x00, 0x00, 0x00, 0x00, 0x00, 0x00, 0x00, 0x01, 0x00, 0x00, 0x00, 0xa8, 0x61, 0x76, 0x63,
    0x31, 0x00, 0x00, 0x00, 0x00, 0x00, 0x00, 0x00, 0x01, 0x00, 0x00, 0x00, 0x00, 0x00, 0x00, 0x00,
    0x00, 0x00, 0x00, 0x00, 0x00, 0x00, 0x00, 0x00, 0x00, 0x00, 0x10, 0x00, 0x10, 0x00, 0x48, 0x00,
    0x00, 0x00, 0x48, 0x00, 0x00, 0x00, 0x00, 0x00, 0x00, 0x00, 0x01, 0x15, 0x4c, 0x61, 0x76, 0x63,
    0x36, 0x32, 0x2e, 0x32, 0x38, 0x2e, 0x31, 0x30, 0x32, 0x20, 0x6c, 0x69, 0x62, 0x78, 0x32, 0x36,
    0x34, 0x00, 0x00, 0x00, 0x00, 0x00, 0x00, 0x00, 0x00, 0x00, 0x00, 0x00, 0x18, 0xff, 0xff, 0x00,
    0x00, 0x00, 0x2e, 0x61, 0x76, 0x63, 0x43, 0x01, 0x42, 0xc0, 0x1e, 0xff, 0xe1, 0x00, 0x16, 0x67,
    0x42, 0xc0, 0x1e, 0xd9, 0x1e, 0xc0, 0x44, 0x00, 0x00, 0x03, 0x00, 0x04, 0x00, 0x00, 0x03, 0x00,
    0xc8, 0x3c, 0x58, 0xb9, 0x20, 0x01, 0x00, 0x05, 0x68, 0xcb, 0x83, 0xcb, 0x20, 0x00, 0x00, 0x00,
    0x10, 0x70, 0x61, 0x73, 0x70, 0x00, 0x00, 0x00, 0x01, 0x00, 0x00, 0x00, 0x01, 0x00, 0x00, 0x00,
    0x14, 0x62, 0x74, 0x72, 0x74, 0x00, 0x00, 0x00, 0x00, 0x00, 0x01, 0xf6, 0x58, 0x00, 0x00, 0x00,
    0x00, 0x00, 0x00, 0x00, 0x18, 0x73, 0x74, 0x74, 0x73, 0x00, 0x00, 0x00, 0x00, 0x00, 0x00, 0x00,
    0x01, 0x00, 0x00, 0x00, 0x01, 0x00, 0x00, 0x02, 0x00, 0x00, 0x00, 0x00, 0x1c, 0x73, 0x74, 0x73,
    0x63, 0x00, 0x00, 0x00, 0x00, 0x00, 0x00, 0x00, 0x01, 0x00, 0x00, 0x00, 0x01, 0x00, 0x00, 0x00,
    0x01, 0x00, 0x00, 0x00, 0x01, 0x00, 0x00, 0x00, 0x14, 0x73, 0x74, 0x73, 0x7a, 0x00, 0x00, 0x00,
    0x00, 0x00, 0x00, 0x02, 0x83, 0x00, 0x00, 0x00, 0x01, 0x00, 0x00, 0x00, 0x14, 0x73, 0x74, 0x63,
    0x6f, 0x00, 0x00, 0x00, 0x00, 0x00, 0x00, 0x00, 0x01, 0x00, 0x00, 0x03, 0x3f, 0x00, 0x00, 0x00,
    0x62, 0x75, 0x64, 0x74, 0x61, 0x00, 0x00, 0x00, 0x5a, 0x6d, 0x65, 0x74, 0x61, 0x00, 0x00, 0x00,
    0x00, 0x00, 0x00, 0x00, 0x21, 0x68, 0x64, 0x6c, 0x72, 0x00, 0x00, 0x00, 0x00, 0x00, 0x00, 0x00,
    0x00, 0x6d, 0x64, 0x69, 0x72, 0x61, 0x70, 0x70, 0x6c, 0x00, 0x00, 0x00, 0x00, 0x00, 0x00, 0x00,
    0x00, 0x00, 0x00, 0x00, 0x00, 0x2d, 0x69, 0x6c, 0x73, 0x74, 0x00, 0x00, 0x00, 0x25, 0xa9, 0x74,
    0x6f, 0x6f, 0x00, 0x00, 0x00, 0x1d, 0x64, 0x61, 0x74, 0x61, 0x00, 0x00, 0x00, 0x01, 0x00, 0x00,
    0x00, 0x00, 0x4c, 0x61, 0x76, 0x66, 0x36, 0x32, 0x2e, 0x31, 0x32, 0x2e, 0x31, 0x30, 0x32, 0x00,
    0x00, 0x00, 0x08, 0x66, 0x72, 0x65, 0x65, 0x00, 0x00, 0x02, 0x8b, 0x6d, 0x64, 0x61, 0x74, 0x00,
    0x00, 0x02, 0x71, 0x06, 0x05, 0xff, 0xff, 0x6d, 0xdc, 0x45, 0xe9, 0xbd, 0xe6, 0xd9, 0x48, 0xb7,
    0x96, 0x2c, 0xd8, 0x20, 0xd9, 0x23, 0xee, 0xef, 0x78, 0x32, 0x36, 0x34, 0x20, 0x2d, 0x20, 0x63,
    0x6f, 0x72, 0x65, 0x20, 0x31, 0x36, 0x35, 0x20, 0x72, 0x33, 0x32, 0x32, 0x33, 0x20, 0x30, 0x34,
    0x38, 0x30, 0x63, 0x62, 0x30, 0x20, 0x2d, 0x20, 0x48, 0x2e, 0x32, 0x36, 0x34, 0x2f, 0x4d, 0x50,
    0x45, 0x47, 0x2d, 0x34, 0x20, 0x41, 0x56, 0x43, 0x20, 0x63, 0x6f, 0x64, 0x65, 0x63, 0x20, 0x2d,
    0x20, 0x43, 0x6f, 0x70, 0x79, 0x6c, 0x65, 0x66, 0x74, 0x20, 0x32, 0x30, 0x30, 0x33, 0x2d, 0x32,
    0x30, 0x32, 0x35, 0x20, 0x2d, 0x20, 0x68, 0x74, 0x74, 0x70, 0x3a, 0x2f, 0x2f, 0x77, 0x77, 0x77,
    0x2e, 0x76, 0x69, 0x64, 0x65, 0x6f, 0x6c, 0x61, 0x6e, 0x2e, 0x6f, 0x72, 0x67, 0x2f, 0x78, 0x32,
    0x36, 0x34, 0x2e, 0x68, 0x74, 0x6d, 0x6c, 0x20, 0x2d, 0x20, 0x6f, 0x70, 0x74, 0x69, 0x6f, 0x6e,
    0x73, 0x3a, 0x20, 0x63, 0x61, 0x62, 0x61, 0x63, 0x3d, 0x30, 0x20, 0x72, 0x65, 0x66, 0x3d, 0x33,
    0x20, 0x64, 0x65, 0x62, 0x6c, 0x6f, 0x63, 0x6b, 0x3d, 0x31, 0x3a, 0x30, 0x3a, 0x30, 0x20, 0x61,
    0x6e, 0x61, 0x6c, 0x79, 0x73, 0x65, 0x3d, 0x30, 0x78, 0x31, 0x3a, 0x30, 0x78, 0x31, 0x31, 0x31,
    0x20, 0x6d, 0x65, 0x3d, 0x68, 0x65, 0x78, 0x20, 0x73, 0x75, 0x62, 0x6d, 0x65, 0x3d, 0x37, 0x20,
    0x70, 0x73, 0x79, 0x3d, 0x31, 0x20, 0x70, 0x73, 0x79, 0x5f, 0x72, 0x64, 0x3d, 0x31, 0x2e, 0x30,
    0x30, 0x3a, 0x30, 0x2e, 0x30, 0x30, 0x20, 0x6d, 0x69, 0x78, 0x65, 0x64, 0x5f, 0x72, 0x65, 0x66,
    0x3d, 0x31, 0x20, 0x6d, 0x65, 0x5f, 0x72, 0x61, 0x6e, 0x67, 0x65, 0x3d, 0x31, 0x36, 0x20, 0x63,
    0x68, 0x72, 0x6f, 0x6d, 0x61, 0x5f, 0x6d, 0x65, 0x3d, 0x31, 0x20, 0x74, 0x72, 0x65, 0x6c, 0x6c,
    0x69, 0x73, 0x3d, 0x31, 0x20, 0x38, 0x78, 0x38, 0x64, 0x63, 0x74, 0x3d, 0x30, 0x20, 0x63, 0x71,
    0x6d, 0x3d, 0x30, 0x20, 0x64, 0x65, 0x61, 0x64, 0x7a, 0x6f, 0x6e, 0x65, 0x3d, 0x32, 0x31, 0x2c,
    0x31, 0x31, 0x20, 0x66, 0x61, 0x73, 0x74, 0x5f, 0x70, 0x73, 0x6b, 0x69, 0x70, 0x3d, 0x31, 0x20,
    0x63, 0x68, 0x72, 0x6f, 0x6d, 0x61, 0x5f, 0x71, 0x70, 0x5f, 0x6f, 0x66, 0x66, 0x73, 0x65, 0x74,
    0x3d, 0x2d, 0x32, 0x20, 0x74, 0x68, 0x72, 0x65, 0x61, 0x64, 0x73, 0x3d, 0x31, 0x20, 0x6c, 0x6f,
    0x6f, 0x6b, 0x61, 0x68, 0x65, 0x61, 0x64, 0x5f, 0x74, 0x68, 0x72, 0x65, 0x61, 0x64, 0x73, 0x3d,
    0x31, 0x20, 0x73, 0x6c, 0x69, 0x63, 0x65, 0x64, 0x5f, 0x74, 0x68, 0x72, 0x65, 0x61, 0x64, 0x73,
    0x3d, 0x30, 0x20, 0x6e, 0x72, 0x3d, 0x30, 0x20, 0x64, 0x65, 0x63, 0x69, 0x6d, 0x61, 0x74, 0x65,
    0x3d, 0x31, 0x20, 0x69, 0x6e, 0x74, 0x65, 0x72, 0x6c, 0x61, 0x63, 0x65, 0x64, 0x3d, 0x30, 0x20,
    0x62, 0x6c, 0x75, 0x72, 0x61, 0x79, 0x5f, 0x63, 0x6f, 0x6d, 0x70, 0x61, 0x74, 0x3d, 0x30, 0x20,
    0x63, 0x6f, 0x6e, 0x73, 0x74, 0x72, 0x61, 0x69, 0x6e, 0x65, 0x64, 0x5f, 0x69, 0x6e, 0x74, 0x72,
    0x61, 0x3d, 0x30, 0x20, 0x62, 0x66, 0x72, 0x61, 0x6d, 0x65, 0x73, 0x3d, 0x30, 0x20, 0x77, 0x65,
    0x69, 0x67, 0x68, 0x74, 0x70, 0x3d, 0x30, 0x20, 0x6b, 0x65, 0x79, 0x69, 0x6e, 0x74, 0x3d, 0x32,
    0x35, 0x30, 0x20, 0x6b, 0x65, 0x79, 0x69, 0x6e, 0x74, 0x5f, 0x6d, 0x69, 0x6e, 0x3d, 0x32, 0x35,
    0x20, 0x73, 0x63, 0x65, 0x6e, 0x65, 0x63, 0x75, 0x74, 0x3d, 0x34, 0x30, 0x20, 0x69, 0x6e, 0x74,
    0x72, 0x61, 0x5f, 0x72, 0x65, 0x66, 0x72, 0x65, 0x73, 0x68, 0x3d, 0x30, 0x20, 0x72, 0x63, 0x5f,
    0x6c, 0x6f, 0x6f, 0x6b, 0x61, 0x68, 0x65, 0x61, 0x64, 0x3d, 0x34, 0x30, 0x20, 0x72, 0x63, 0x3d,
    0x63, 0x72, 0x66, 0x20, 0x6d, 0x62, 0x74, 0x72, 0x65, 0x65, 0x3d, 0x31, 0x20, 0x63, 0x72, 0x66,
    0x3d, 0x32, 0x33, 0x2e, 0x30, 0x20, 0x71, 0x63, 0x6f, 0x6d, 0x70, 0x3d, 0x30, 0x2e, 0x36, 0x30,
    0x20, 0x71, 0x70, 0x6d, 0x69, 0x6e, 0x3d, 0x30, 0x20, 0x71, 0x70, 0x6d, 0x61, 0x78, 0x3d, 0x36,
    0x39, 0x20, 0x71, 0x70, 0x73, 0x74, 0x65, 0x70, 0x3d, 0x34, 0x20, 0x69, 0x70, 0x5f, 0x72, 0x61,
    0x74, 0x69, 0x6f, 0x3d, 0x31, 0x2e, 0x34, 0x30, 0x20, 0x61, 0x71, 0x3d, 0x31, 0x3a, 0x31, 0x2e,
    0x30, 0x30, 0x00, 0x80, 0x00, 0x00, 0x00, 0x0a, 0x65, 0x88, 0x84, 0x0a, 0xf2, 0x62, 0x80, 0x00,
    0xa7, 0xbe,
];
pub const WEBM_STUB: &[u8] = &[
    0x1a, 0x45, 0xdf, 0xa3, 0x9f, 0x42, 0x86, 0x81, 0x01, 0x42, 0xf7, 0x81, 0x01, 0x42, 0xf2, 0x81,
    0x04, 0x42, 0xf3, 0x81, 0x08, 0x42, 0x82, 0x84, 0x77, 0x65, 0x62, 0x6d, 0x42, 0x87, 0x81, 0x02,
    0x42, 0x85, 0x81, 0x02, 0x18, 0x53, 0x80, 0x67, 0x01, 0x00, 0x00, 0x00, 0x00, 0x00, 0x01, 0xe9,
    0x11, 0x4d, 0x9b, 0x74, 0xba, 0x4d, 0xbb, 0x8b, 0x53, 0xab, 0x84, 0x15, 0x49, 0xa9, 0x66, 0x53,
    0xac, 0x81, 0xa1, 0x4d, 0xbb, 0x8b, 0x53, 0xab, 0x84, 0x16, 0x54, 0xae, 0x6b, 0x53, 0xac, 0x81,
    0xd8, 0x4d, 0xbb, 0x8c, 0x53, 0xab, 0x84, 0x12, 0x54, 0xc3, 0x67, 0x53, 0xac, 0x82, 0x01, 0x25,
    0x4d, 0xbb, 0x8c, 0x53, 0xab, 0x84, 0x1c, 0x53, 0xbb, 0x6b, 0x53, 0xac, 0x82, 0x01, 0xd3, 0xec,
    0x01, 0x00, 0x00, 0x00, 0x00, 0x00, 0x00, 0x59, 0x00, 0x00, 0x00, 0x00, 0x00, 0x00, 0x00, 0x00,
    0x00, 0x00, 0x00, 0x00, 0x00, 0x00, 0x00, 0x00, 0x00, 0x00, 0x00, 0x00, 0x00, 0x00, 0x00, 0x00,
    0x00, 0x00, 0x00, 0x00, 0x00, 0x00, 0x00, 0x00, 0x00, 0x00, 0x00, 0x00, 0x00, 0x00, 0x00, 0x00,
    0x00, 0x00, 0x00, 0x00, 0x00, 0x00, 0x00, 0x00, 0x00, 0x00, 0x00, 0x00, 0x00, 0x00, 0x00, 0x00,
    0x00, 0x00, 0x00, 0x00, 0x00, 0x00, 0x00, 0x00, 0x00, 0x00, 0x00, 0x00, 0x00, 0x00, 0x00, 0x00,
    0x00, 0x00, 0x00, 0x00, 0x00, 0x00, 0x00, 0x00, 0x00, 0x00, 0x00, 0x00, 0x00, 0x00, 0x00, 0x00,
    0x00, 0x15, 0x49, 0xa9, 0x66, 0xb2, 0x2a, 0xd7, 0xb1, 0x83, 0x0f, 0x42, 0x40, 0x4d, 0x80, 0x8d,
    0x4c, 0x61, 0x76, 0x66, 0x36, 0x32, 0x2e, 0x31, 0x32, 0x2e, 0x31, 0x30, 0x32, 0x57, 0x41, 0x8d,
    0x4c, 0x61, 0x76, 0x66, 0x36, 0x32, 0x2e, 0x31, 0x32, 0x2e, 0x31, 0x30, 0x32, 0x44, 0x89, 0x88,
    0x40, 0x44, 0x00, 0x00, 0x00, 0x00, 0x00, 0x00, 0x16, 0x54, 0xae, 0x6b, 0xc8, 0xae, 0x01, 0x00,
    0x00, 0x00, 0x00, 0x00, 0x00, 0x3f, 0xd7, 0x81, 0x01, 0x73, 0xc5, 0x88, 0x0b, 0x30, 0x3b, 0x3c,
    0x20, 0x84, 0x25, 0x8b, 0x9c, 0x81, 0x00, 0x22, 0xb5, 0x9c, 0x83, 0x75, 0x6e, 0x64, 0x88, 0x81,
    0x00, 0x86, 0x85, 0x56, 0x5f, 0x56, 0x50, 0x38, 0x83, 0x81, 0x01, 0x23, 0xe3, 0x83, 0x84, 0x02,
    0x62, 0x5a, 0x00, 0xe0, 0x90, 0xb0, 0x81, 0x10, 0xba, 0x81, 0x10, 0x9a, 0x81, 0x02, 0x55, 0xb0,
    0x84, 0x55, 0xb9, 0x81, 0x01, 0x12, 0x54, 0xc3, 0x67, 0xfc, 0x73, 0x73, 0xa0, 0x63, 0xc0, 0x80,
    0x67, 0xc8, 0x9a, 0x45, 0xa3, 0x87, 0x45, 0x4e, 0x43, 0x4f, 0x44, 0x45, 0x52, 0x44, 0x87, 0x8d,
    0x4c, 0x61, 0x76, 0x66, 0x36, 0x32, 0x2e, 0x31, 0x32, 0x2e, 0x31, 0x30, 0x32, 0x73, 0x73, 0xd6,
    0x63, 0xc0, 0x8b, 0x63, 0xc5, 0x88, 0x0b, 0x30, 0x3b, 0x3c, 0x20, 0x84, 0x25, 0x8b, 0x67, 0xc8,
    0xa1, 0x45, 0xa3, 0x87, 0x45, 0x4e, 0x43, 0x4f, 0x44, 0x45, 0x52, 0x44, 0x87, 0x94, 0x4c, 0x61,
    0x76, 0x63, 0x36, 0x32, 0x2e, 0x32, 0x38, 0x2e, 0x31, 0x30, 0x32, 0x20, 0x6c, 0x69, 0x62, 0x76,
    0x70, 0x78, 0x67, 0xc8, 0xa1, 0x45, 0xa3, 0x88, 0x44, 0x55, 0x52, 0x41, 0x54, 0x49, 0x4f, 0x4e,
    0x44, 0x87, 0x93, 0x30, 0x30, 0x3a, 0x30, 0x30, 0x3a, 0x30, 0x30, 0x2e, 0x30, 0x34, 0x30, 0x30,
    0x30, 0x30, 0x30, 0x30, 0x30, 0x00, 0x1f, 0x43, 0xb6, 0x75, 0xa8, 0xe7, 0x81, 0x00, 0xa3, 0xa3,
    0x81, 0x00, 0x00, 0x80, 0x10, 0x02, 0x00, 0x9d, 0x01, 0x2a, 0x10, 0x00, 0x10, 0x00, 0x00, 0x47,
    0x08, 0x85, 0x85, 0x88, 0x85, 0x84, 0x88, 0x02, 0x02, 0x00, 0x0c, 0x0d, 0x60, 0x00, 0xfe, 0xff,
    0xab, 0x50, 0x80, 0x1c, 0x53, 0xbb, 0x6b, 0x91, 0xbb, 0x8f, 0xb3, 0x81, 0x00, 0xb7, 0x8a, 0xf7,
    0x81, 0x01, 0xf1, 0x82, 0x01, 0xa6, 0xf0, 0x81, 0x03,
];
pub const OGG_THEORA_STUB: &[u8] = &[
    0x4f, 0x67, 0x67, 0x53, 0x00, 0x02, 0x00, 0x00, 0x00, 0x00, 0x00, 0x00, 0x00, 0x00, 0x9b, 0x09,
    0xf2, 0xf4, 0x00, 0x00, 0x00, 0x00, 0xd3, 0xb7, 0xfe, 0x43, 0x01, 0x2a, 0x80, 0x74, 0x68, 0x65,
    0x6f, 0x72, 0x61, 0x03, 0x02, 0x01, 0x00, 0x02, 0x00, 0x02, 0x00, 0x00, 0x20, 0x00, 0x00, 0x20,
    0x00, 0x00, 0x00, 0x00, 0x00, 0x19, 0x00, 0x00, 0x00, 0x01, 0x00, 0x00, 0x01, 0x00, 0x00, 0x01,
    0x00, 0x03, 0x0d, 0x40, 0x00, 0xc0, 0x4f, 0x67, 0x67, 0x53, 0x00, 0x00, 0x00, 0x00, 0x00, 0x00,
    0x00, 0x00, 0x00, 0x00, 0x9b, 0x09, 0xf2, 0xf4, 0x01, 0x00, 0x00, 0x00, 0xa6, 0xac, 0x26, 0xb6,
    0x0e, 0x3f, 0xff, 0xff, 0xff, 0xff, 0xff, 0xff, 0xff, 0xff, 0xff, 0xff, 0xff, 0xff, 0x88, 0x81,
    0x74, 0x68, 0x65, 0x6f, 0x72, 0x61, 0x0d, 0x00, 0x00, 0x00, 0x4c, 0x61, 0x76, 0x66, 0x36, 0x32,
    0x2e, 0x31, 0x32, 0x2e, 0x31, 0x30, 0x32, 0x01, 0x00, 0x00, 0x00, 0x1f, 0x00, 0x00, 0x00, 0x65,
    0x6e, 0x63, 0x6f, 0x64, 0x65, 0x72, 0x3d, 0x4c, 0x61, 0x76, 0x63, 0x36, 0x32, 0x2e, 0x32, 0x38,
    0x2e, 0x31, 0x30, 0x32, 0x20, 0x6c, 0x69, 0x62, 0x74, 0x68, 0x65, 0x6f, 0x72, 0x61, 0x82, 0x74,
    0x68, 0x65, 0x6f, 0x72, 0x61, 0x9f, 0x93, 0x0c, 0xca, 0xaa, 0xaa, 0xaa, 0xaa, 0xa8, 0x88, 0x88,
    0x86, 0x66, 0x66, 0x66, 0x66, 0x64, 0x44, 0x44, 0x44, 0x44, 0x44, 0x44, 0x44, 0x00, 0x00, 0x00,
    0x00, 0x00, 0x00, 0x00, 0x00, 0x11, 0x6d, 0xae, 0x53, 0x67, 0x92, 0xc8, 0xfc, 0x56, 0x12, 0xfc,
    0x78, 0x39, 0x5b, 0x6c, 0xe6, 0x2a, 0xf5, 0x68, 0xab, 0x54, 0x28, 0x13, 0x29, 0x24, 0x5a, 0x10,
    0xfe, 0x79, 0x39, 0x9b, 0x8d, 0x66, 0x53, 0x09, 0x78, 0xb2, 0x55, 0x29, 0x93, 0x89, 0x24, 0x82,
    0x19, 0x08, 0x7c, 0x3c, 0x1d, 0x8e, 0x06, 0xa3, 0x41, 0x80, 0xbc, 0x56, 0x2a, 0x14, 0x09, 0x04,
    0x62, 0x21, 0x08, 0x7c, 0x3c, 0x1c, 0x0c, 0x86, 0x02, 0xc1, 0x40, 0x88, 0x38, 0x15, 0x16, 0xda,
    0xe5, 0x36, 0x79, 0x2c, 0x8f, 0xc5, 0x61, 0x2f, 0xc7, 0x83, 0x95, 0xb6, 0xce, 0x62, 0xaf, 0x56,
    0x8a, 0xb5, 0x42, 0x81, 0x32, 0x92, 0x45, 0xa1, 0x0f, 0xe7, 0x93, 0x99, 0xb8, 0xd6, 0x65, 0x30,
    0x97, 0x8b, 0x25, 0x52, 0x99, 0x38, 0x92, 0x48, 0x21, 0x90, 0x87, 0xc3, 0xc1, 0xd8, 0xe0, 0x6a,
    0x34, 0x18, 0x0b, 0xc5, 0x62, 0xa1, 0x40, 0x90, 0x46, 0x22, 0x10, 0x87, 0xc3, 0xc1, 0xc0, 0xc8,
    0x60, 0x2c, 0x14, 0x08, 0x83, 0x81, 0x40, 0xb0, 0xf0, 0xf0, 0xf0, 0xf0, 0xf0, 0xf0, 0xf0, 0xf0,
    0xf0, 0xf0, 0xf0, 0xf0, 0xf0, 0xf0, 0xf0, 0xf0, 0xf0, 0xf0, 0xf0, 0xf0, 0xf0, 0xf0, 0xf0, 0xf0,
    0xf0, 0xf0, 0xf0, 0xf0, 0xf0, 0xf0, 0xf0, 0xf0, 0xf0, 0xf0, 0xf0, 0xf0, 0xf0, 0xf0, 0xf0, 0xf0,
    0xf0, 0xf0, 0xf0, 0xf0, 0xf0, 0xf0, 0xf0, 0xf0, 0xf0, 0xf0, 0xf0, 0xf0, 0xf0, 0xf0, 0xf0, 0xf0,
    0xf0, 0xf0, 0xf0, 0xf0, 0xf0, 0xf0, 0xf0, 0xf0, 0xf0, 0xc0, 0xc0, 0xf1, 0x21, 0x41, 0x41, 0x50,
    0xd0, 0xd0, 0xe1, 0x11, 0x21, 0x51, 0x51, 0x40, 0xe0, 0xe0, 0xf1, 0x21, 0x41, 0x51, 0x51, 0x50,
    0xe1, 0x01, 0x11, 0x31, 0x41, 0x51, 0x51, 0x51, 0x01, 0x11, 0x41, 0x51, 0x51, 0x51, 0x51, 0x51,
    0x21, 0x31, 0x41, 0x51, 0x51, 0x51, 0x51, 0x51, 0x41, 0x51, 0x51, 0x51, 0x51, 0x51, 0x51, 0x51,
    0x51, 0x51, 0x51, 0x51, 0x51, 0x51, 0x51, 0x51, 0x00, 0xc0, 0xb1, 0x01, 0x41, 0x91, 0xb1, 0xc0,
    0xd0, 0xd0, 0xe1, 0x21, 0x51, 0xc1, 0xc1, 0xb0, 0xe0, 0xd1, 0x01, 0x41, 0x91, 0xc1, 0xc1, 0xc0,
    0xe1, 0x01, 0x31, 0x61, 0xb1, 0xd1, 0xd1, 0xc1, 0x11, 0x31, 0x91, 0xc1, 0xc1, 0xe1, 0xe1, 0xd1,
    0x41, 0x81, 0xb1, 0xc1, 0xd1, 0xe1, 0xe1, 0xd1, 0xb1, 0xc1, 0xd1, 0xd1, 0xe1, 0xe1, 0xe1, 0xe1,
    0xd1, 0xd1, 0xd1, 0xd1, 0xe1, 0xe1, 0xe1, 0xd1, 0x00, 0xb0, 0xa1, 0x01, 0x82, 0x83, 0x33, 0xd0,
    0xc0, 0xc0, 0xe1, 0x31, 0xa3, 0xa3, 0xc3, 0x70, 0xe0, 0xd1, 0x01, 0x82, 0x83, 0x94, 0x53, 0x80,
    0xe1, 0x11, 0x61, 0xd3, 0x35, 0x75, 0x03, 0xe1, 0x21, 0x62, 0x53, 0xa4, 0x46, 0xd6, 0x74, 0xd1,
    0x82, 0x33, 0x74, 0x05, 0x16, 0x87, 0x15, 0xc3, 0x14, 0x04, 0xe5, 0x76, 0x77, 0x97, 0x86, 0x54,
    0x85, 0xc5, 0xf6, 0x27, 0x06, 0x46, 0x76, 0x31, 0x31, 0x31, 0x31, 0x31, 0x31, 0x31, 0x31, 0x31,
    0x31, 0x31, 0x31, 0x31, 0x31, 0x31, 0x31, 0x31, 0x31, 0x31, 0x31, 0x31, 0x31, 0x31, 0x31, 0x31,
    0x31, 0x31, 0x31, 0x31, 0x31, 0x31, 0x31, 0x31, 0x31, 0x31, 0x31, 0x31, 0x31, 0x31, 0x31, 0x31,
    0x31, 0x31, 0x31, 0x31, 0x31, 0x31, 0x31, 0x31, 0x31, 0x31, 0x31, 0x31, 0x31, 0x31, 0x31, 0x31,
    0x31, 0x31, 0x31, 0x31, 0x31, 0x31, 0x31, 0x31, 0x21, 0x21, 0x51, 0x91, 0xa1, 0xa1, 0xa1, 0xa1,
    0x21, 0x41, 0x61, 0xa1, 0xa1, 0xa1, 0xa1, 0xa1, 0x51, 0x61, 0x91, 0xa1, 0xa1, 0xa1, 0xa1, 0xa1,
    0x91, 0xa1, 0xa1, 0xa1, 0xa1, 0xa1, 0xa1, 0xa1, 0xa1, 0xa1, 0xa1, 0xa1, 0xa1, 0xa1, 0xa1, 0xa1,
    0xa1, 0xa1, 0xa1, 0xa1, 0xa1, 0xa1, 0xa1, 0xa1, 0xa1, 0xa1, 0xa1, 0xa1, 0xa1, 0xa1, 0xa1, 0xa1,
    0xa1, 0xa1, 0xa1, 0xa1, 0xa1, 0xa1, 0xa1, 0xa1, 0x11, 0x21, 0x61, 0xf2, 0x42, 0x42, 0x42, 0x41,
    0x21, 0x41, 0x82, 0x22, 0x42, 0x42, 0x42, 0x41, 0x61, 0x82, 0x12, 0x42, 0x42, 0x42, 0x42, 0x41,
    0xf2, 0x22, 0x42, 0x42, 0x42, 0x42, 0x42, 0x42, 0x42, 0x42, 0x42, 0x42, 0x42, 0x42, 0x42, 0x42,
    0x42, 0x42, 0x42, 0x42, 0x42, 0x42, 0x42, 0x42, 0x42, 0x42, 0x42, 0x42, 0x42, 0x42, 0x42, 0x42,
    0x42, 0x42, 0x42, 0x42, 0x42, 0x42, 0x42, 0x41, 0x11, 0x21, 0x82, 0xf6, 0x36, 0x36, 0x36, 0x31,
    0x21, 0x51, 0xa4, 0x26, 0x36, 0x36, 0x36, 0x31, 0x81, 0xa3, 0x86, 0x36, 0x36, 0x36, 0x36, 0x32,
    0xf4, 0x26, 0x36, 0x36, 0x36, 0x36, 0x36, 0x36, 0x36, 0x36, 0x36, 0x36, 0x36, 0x36, 0x36, 0x36,
    0x36, 0x36, 0x36, 0x36, 0x36, 0x36, 0x36, 0x36, 0x36, 0x36, 0x36, 0x36, 0x36, 0x36, 0x36, 0x36,
    0x36, 0x36, 0x36, 0x36, 0x36, 0x36, 0x36, 0x31, 0x51, 0x51, 0x51, 0x51, 0x51, 0x51, 0x51, 0x51,
    0x51, 0x51, 0x51, 0x51, 0x51, 0x51, 0x51, 0x51, 0x51, 0x51, 0x51, 0x51, 0x51, 0x51, 0x51, 0x51,
    0x51, 0x51, 0x51, 0x51, 0x51, 0x51, 0x51, 0x51, 0x51, 0x51, 0x51, 0x51, 0x51, 0x51, 0x51, 0x51,
    0x51, 0x51, 0x51, 0x51, 0x51, 0x51, 0x51, 0x51, 0x51, 0x51, 0x51, 0x51, 0x51, 0x51, 0x51, 0x51,
    0x51, 0x51, 0x51, 0x51, 0x51, 0x51, 0x51, 0x51, 0x21, 0x21, 0x21, 0x51, 0x71, 0x81, 0x91, 0xb1,
    0x21, 0x21, 0x51, 0x71, 0x81, 0x91, 0xb1, 0xc1, 0x21, 0x51, 0x71, 0x81, 0x91, 0xb1, 0xc1, 0xd1,
    0x51, 0x71, 0x81, 0x91, 0xb1, 0xc1, 0xd1, 0xd1, 0x71, 0x81, 0x91, 0xb1, 0xc1, 0xd1, 0xd1, 0xd1,
    0x81, 0x91, 0xb1, 0xc1, 0xd1, 0xd1, 0xd1, 0xe1, 0x91, 0xb1, 0xc1, 0xd1, 0xd1, 0xd1, 0xe1, 0xe1,
    0xb1, 0xc1, 0xd1, 0xd1, 0xd1, 0xe1, 0xe1, 0xe1, 0x11, 0x11, 0x11, 0x41, 0x71, 0xa1, 0xc2, 0x01,
    0x11, 0x11, 0x41, 0x71, 0xa1, 0xc2, 0x02, 0x21, 0x11, 0x41, 0x71, 0xa1, 0xc2, 0x02, 0x22, 0x51,
    0x41, 0x71, 0xa1, 0xc2, 0x02, 0x22, 0x52, 0x51, 0x71, 0xa1, 0xc2, 0x02, 0x22, 0x52, 0x52, 0x51,
    0xa1, 0xc2, 0x02, 0x22, 0x52, 0x52, 0x52, 0x91, 0xc2, 0x02, 0x22, 0x52, 0x52, 0x52, 0x92, 0xa2,
    0x02, 0x22, 0x52, 0x52, 0x52, 0x92, 0xa2, 0xa1, 0x01, 0x01, 0x01, 0x41, 0x81, 0xc2, 0x02, 0x81,
    0x01, 0x01, 0x41, 0x81, 0xc2, 0x02, 0x83, 0x01, 0x01, 0x41, 0x81, 0xc2, 0x02, 0x83, 0x04, 0x01,
    0x41, 0x81, 0xc2, 0x02, 0x83, 0x04, 0x04, 0x01, 0x81, 0xc2, 0x02, 0x83, 0x04, 0x04, 0x04, 0x01,
    0xc2, 0x02, 0x83, 0x04, 0x04, 0x04, 0x06, 0x02, 0x02, 0x83, 0x04, 0x04, 0x04, 0x06, 0x08, 0x02,
    0x83, 0x04, 0x04, 0x04, 0x06, 0x08, 0x08, 0x00, 0x7c, 0x5e, 0x5c, 0x74, 0x7d, 0x5e, 0xdc, 0xec,
    0x3f, 0x2f, 0xae, 0xb0, 0x1a, 0x66, 0x27, 0x7c, 0x85, 0x1b, 0xc1, 0xd5, 0x13, 0x7b, 0x72, 0xcc,
    0x45, 0xba, 0x8e, 0x37, 0xc0, 0x7e, 0xe5, 0x12, 0x44, 0xbd, 0xc1, 0xb1, 0x92, 0xfa, 0xd5, 0x52,
    0x34, 0xcc, 0xae, 0xc5, 0xd8, 0x84, 0x09, 0xc8, 0xc1, 0xed, 0x1d, 0x4c, 0x97, 0xce, 0x61, 0xb5,
    0xab, 0x0d, 0x8c, 0xaa, 0x52, 0xbc, 0xfb, 0x77, 0x0f, 0xc9, 0x3b, 0x88, 0x69, 0x99, 0x5d, 0x8b,
    0xb1, 0x04, 0x2f, 0x91, 0x47, 0x86, 0xab, 0x50, 0x6c, 0x64, 0xbc, 0x7e, 0x72, 0xee, 0x62, 0x57,
    0x47, 0xb4, 0x79, 0x27, 0x09, 0xf7, 0x55, 0x48, 0x41, 0x8a, 0xe6, 0xa9, 0xf7, 0x55, 0x48, 0xae,
    0xc6, 0x82, 0x33, 0x94, 0xd2, 0x83, 0xda, 0x3c, 0xeb, 0xb9, 0x21, 0xc0, 0xca, 0xd6, 0x63, 0x6f,
    0x9c, 0x3f, 0x8a, 0xf0, 0xbc, 0x12, 0xf3, 0xb7, 0xfc, 0x27, 0x1d, 0xa6, 0x1e, 0xd1, 0xe7, 0x52,
    0x44, 0xc6, 0x02, 0xea, 0xd6, 0x66, 0x53, 0x50, 0x6b, 0xbe, 0x19, 0x2d, 0x21, 0x47, 0xf6, 0x81,
    0x7a, 0x14, 0xf1, 0xb1, 0xcc, 0xbb, 0x23, 0x40, 0xee, 0x50, 0x7b, 0x47, 0x9d, 0x72, 0x9b, 0x6d,
    0x77, 0xb0, 0x57, 0x05, 0x2a, 0x8c, 0x08, 0xbe, 0x24, 0xff, 0x8b, 0x45, 0xac, 0x72, 0x0f, 0xb8,
    0x44, 0x3b, 0x9b, 0x5f, 0xee, 0x21, 0x69, 0x1b, 0x0c, 0xc5, 0x95, 0xa0, 0x37, 0x4e, 0x4a, 0xe4,
    0x50, 0xf7, 0x6f, 0x3a, 0x92, 0xf5, 0x54, 0x95, 0x08, 0xf3, 0x38, 0x4e, 0x95, 0xac, 0xd8, 0x2e,
    0x37, 0x8a, 0x11, 0x5d, 0x81, 0xa4, 0x81, 0xc9, 0xe2, 0x87, 0xbb, 0x75, 0xdf, 0xff, 0x64, 0xc6,
    0xf2, 0xd8, 0x29, 0x07, 0xb3, 0xc0, 0xb4, 0xeb, 0x3b, 0x8e, 0x2c, 0x56, 0x63, 0x0f, 0x80, 0xca,
    0x8e, 0x46, 0x8d, 0x44, 0xd2, 0xc9, 0xb5, 0xff, 0xd4, 0xa5, 0xb9, 0xd9, 0x1c, 0x58, 0x7c, 0x1f,
    0x27, 0x04, 0xd2, 0xc9, 0xb4, 0x78, 0x2d, 0xe0, 0x33, 0xea, 0xe8, 0x16, 0x56, 0x04, 0x5a, 0x63,
    0xc9, 0x95, 0xff, 0xd4, 0xa5, 0xb9, 0x09, 0xad, 0x1e, 0xbc, 0xec, 0x06, 0xd4, 0x45, 0xff, 0x03,
    0xd8, 0xf9, 0x7d, 0x09, 0xb9, 0x84, 0xec, 0xfa, 0x5b, 0x60, 0xad, 0x70, 0x26, 0x96, 0x4d, 0x74,
    0xc5, 0x01, 0xe6, 0x4e, 0xef, 0x55, 0x48, 0x80, 0x24, 0xd7, 0xeb, 0xdc, 0xbd, 0x4e, 0x26, 0x97,
    0x6a, 0x0d, 0xce, 0xb3, 0x61, 0x12, 0xd4, 0x37, 0x0b, 0x2b, 0x0d, 0x3f, 0xc5, 0x1e, 0x47, 0x7e,
    0x70, 0xaa, 0x92, 0x94, 0x05, 0xd1, 0x9d, 0x64, 0xc4, 0xa3, 0x5f, 0x85, 0x95, 0x8b, 0xc9, 0xc9,
    0xa5, 0xda, 0x47, 0x9d, 0xb8, 0x73, 0x10, 0x87, 0x71, 0xee, 0x6c, 0x1f, 0xe9, 0x6d, 0x45, 0x28,
    0x08, 0xae, 0x70, 0xc5, 0xeb, 0x59, 0x45, 0x95, 0x8f, 0x24, 0x5f, 0xdb, 0x77, 0x21, 0x36, 0xd4,
    0x7d, 0x98, 0x8c, 0xc3, 0xa1, 0x3f, 0xfa, 0x64, 0xb6, 0x1a, 0x8a, 0x50, 0x23, 0x84, 0x59, 0x59,
    0xba, 0xf3, 0xed, 0x49, 0xe6, 0x7e, 0xda, 0x84, 0x44, 0xb9, 0xb0, 0xe8, 0x5a, 0x64, 0xf7, 0x4e,
    0x0b, 0x98, 0xf8, 0x91, 0xcf, 0x75, 0x15, 0x52, 0x2c, 0xac, 0x5f, 0x28, 0x7d, 0xef, 0x80, 0xda,
    0x89, 0xff, 0xd7, 0xa6, 0x78, 0x46, 0x22, 0x90, 0x65, 0xc3, 0x14, 0xdc, 0xda, 0x2e, 0x3b, 0xd3,
    0x78, 0x60, 0x0b, 0xeb, 0x59, 0xa8, 0x80, 0xea, 0x1e, 0x1b, 0x7c, 0xba, 0xa1, 0x4e, 0x2b, 0x5b,
    0x9e, 0x72, 0x76, 0x88, 0xf4, 0x95, 0x44, 0xd2, 0x47, 0xf9, 0xa6, 0x46, 0x13, 0xe6, 0x17, 0xce,
    0xae, 0xc0, 0x87, 0xf3, 0xa7, 0x71, 0x6d, 0x8a, 0xe7, 0xd0, 0x0a, 0x6a, 0x69, 0x68, 0x70, 0xe5,
    0x18, 0x4d, 0x2b, 0xda, 0x24, 0xf3, 0x5c, 0x8c, 0x37, 0xcc, 0x1a, 0xb9, 0x86, 0xf6, 0x93, 0x95,
    0xd8, 0xc6, 0xe0, 0x23, 0xdb, 0xf7, 0x07, 0x71, 0x02, 0x67, 0xb4, 0x4b, 0x27, 0x9d, 0x54, 0xa7,
    0x33, 0x27, 0xd0, 0x2d, 0x61, 0xb8, 0x0f, 0x3b, 0x36, 0x0a, 0x26, 0xf6, 0x59, 0x22, 0x6b, 0x0d,
    0xed, 0xe7, 0x2b, 0xc5, 0x66, 0x60, 0xe5, 0xd4, 0x7a, 0x64, 0xb8, 0xff, 0x8f, 0x8a, 0xa9, 0x5a,
    0xc2, 0x00, 0xfa, 0xf6, 0x30, 0x13, 0xe4, 0xdc, 0x6b, 0xda, 0x2e, 0x9c, 0xc2, 0x2c, 0xad, 0x73,
    0x01, 0xe1, 0x2b, 0x62, 0x89, 0xbd, 0x92, 0x3d, 0x0b, 0x59, 0xbf, 0xe1, 0x55, 0x22, 0x97, 0xc4,
    0x6f, 0x3b, 0xfc, 0x9d, 0xc6, 0x68, 0x2c, 0x15, 0xdc, 0xdd, 0x80, 0x6a, 0x4c, 0x6d, 0x47, 0xb2,
    0xc9, 0x13, 0x4e, 0x8b, 0x59, 0x39, 0x84, 0xc6, 0xfa, 0x85, 0x54, 0x8c, 0xb9, 0x3a, 0xce, 0x13,
    0xfc, 0x6e, 0x0e, 0x11, 0x84, 0xc5, 0x0d, 0xb5, 0xf6, 0x5d, 0x3b, 0xb1, 0x5d, 0xa4, 0x1b, 0x97,
    0xce, 0x12, 0x79, 0x16, 0x1f, 0x08, 0x2a, 0x52, 0x46, 0xef, 0x0b, 0x43, 0xf6, 0x29, 0x3c, 0xad,
    0x63, 0x89, 0xc7, 0x2e, 0xa2, 0x43, 0x73, 0x70, 0xcc, 0x1a, 0x50, 0xdb, 0x5f, 0x66, 0x97, 0x2b,
    0xfe, 0x14, 0xb8, 0x9c, 0x62, 0xcd, 0xa2, 0x24, 0x64, 0x84, 0xd2, 0xed, 0xad, 0xc7, 0x37, 0x9d,
    0xfb, 0xe0, 0xfa, 0xd5, 0x95, 0x82, 0x88, 0x70, 0xff, 0x71, 0x97, 0x50, 0x54, 0x2a, 0xa4, 0x3b,
    0x68, 0x09, 0xa5, 0xda, 0x4d, 0x68, 0xe6, 0xe1, 0x9c, 0x37, 0xc0, 0x3e, 0xb4, 0xfc, 0xf5, 0x1c,
    0x5d, 0x58, 0x56, 0x79, 0x84, 0xed, 0xcc, 0xb1, 0xe0, 0x52, 0x22, 0x50, 0x0d, 0xa6, 0x97, 0x59,
    0x34, 0x85, 0x7f, 0x47, 0x07, 0xb9, 0x78, 0xb4, 0xc3, 0xbe, 0x47, 0xd6, 0x2b, 0x31, 0x67, 0x1f,
    0xe4, 0x09, 0xee, 0x6f, 0x50, 0x59, 0x5d, 0x4a, 0x77, 0x09, 0xee, 0x23, 0x04, 0xcd, 0xb5, 0x97,
    0x49, 0x32, 0x85, 0xc1, 0x7f, 0xbe, 0x0e, 0x85, 0x19, 0xe1, 0xda, 0xdf, 0x8e, 0x4c, 0x62, 0xfe,
    0x01, 0x55, 0x27, 0x22, 0x4c, 0x98, 0x63, 0xe4, 0x06, 0xee, 0x0f, 0x62, 0xb4, 0x75, 0xf2, 0x17,
    0x73, 0x88, 0xca, 0x01, 0xb6, 0xb3, 0x69, 0x2e, 0x77, 0xae, 0xfd, 0x65, 0x62, 0xaa, 0x48, 0x56,
    0xbd, 0x9f, 0x72, 0x07, 0x0f, 0xa3, 0x1e, 0x2e, 0xfd, 0x65, 0x67, 0x45, 0xf2, 0x76, 0xe4, 0x61,
    0x88, 0x34, 0x6d, 0xac, 0xd9, 0xca, 0xa3, 0x28, 0x85, 0x54, 0xb7, 0x01, 0x9b, 0x46, 0xda, 0xe5,
    0x8c, 0xb7, 0x7d, 0x09, 0x03, 0x87, 0x85, 0xec, 0x14, 0x4d, 0xf8, 0x8a, 0xc5, 0x69, 0x3b, 0x3a,
    0x5a, 0xf6, 0x74, 0x7c, 0x88, 0x2a, 0x52, 0xe0, 0x7a, 0x31, 0x1b, 0x6a, 0xc9, 0xa6, 0x74, 0x61,
    0x7f, 0x76, 0x1b, 0xa1, 0x56, 0xb5, 0x3d, 0xc4, 0x68, 0xba, 0x1e, 0x4b, 0x20, 0x9b, 0xff, 0xb9,
    0x07, 0x0f, 0x35, 0xdd, 0x3d, 0xe6, 0x27, 0x24, 0x4d, 0xa8, 0x86, 0x06, 0x75, 0x8b, 0x29, 0x55,
    0x91, 0x73, 0x43, 0xa7, 0x61, 0x34, 0xb2, 0x7b, 0x1f, 0xe7, 0xd8, 0x5a, 0x1f, 0x10, 0xf9, 0xc3,
    0x1b, 0xcc, 0xb7, 0x3f, 0x3b, 0x47, 0xaf, 0x33, 0x8b, 0x2b, 0x5c, 0x68, 0xe9, 0x10, 0x26, 0x97,
    0x69, 0x3d, 0xa3, 0x02, 0x9a, 0x8c, 0xe0, 0xb4, 0x5a, 0xbe, 0x03, 0xe7, 0x1f, 0xb7, 0x9c, 0x0d,
    0x14, 0x12, 0x12, 0xb6, 0x9b, 0x5f, 0x7c, 0xc2, 0xe0, 0x47, 0x17, 0x7c, 0xe5, 0x59, 0x65, 0x4a,
    0x58, 0xb3, 0x75, 0x08, 0x7c, 0xcb, 0x0a, 0x55, 0x1f, 0xba, 0x86, 0x01, 0x73, 0x1e, 0x1b, 0xd6,
    0x59, 0x69, 0x78, 0x12, 0xa6, 0x6d, 0xac, 0x9a, 0x47, 0x9f, 0x27, 0x8e, 0xd1, 0x3d, 0xa2, 0x70,
    0xfa, 0xea, 0x55, 0x1c, 0xb2, 0x0d, 0x12, 0xa6, 0x6d, 0xac, 0x9e, 0xc6, 0xfe, 0xf0, 0x76, 0x89,
    0x46, 0x7e, 0x1d, 0x61, 0xc2, 0xdb, 0x0a, 0xe0, 0x6e, 0x63, 0x0c, 0xe2, 0x07, 0xcf, 0xf9, 0x53,
    0x50, 0xb5, 0x0c, 0xe3, 0xb3, 0xda, 0x06, 0x63, 0x49, 0x9b, 0x6b, 0x2c, 0x99, 0x3a, 0xbe, 0xb2,
    0xc5, 0xde, 0x1c, 0x18, 0xe0, 0x8a, 0x3d, 0xc6, 0xe4, 0xff, 0xae, 0xe5, 0x05, 0x45, 0x20, 0x64,
    0x36, 0xd5, 0x33, 0x4c, 0xe5, 0xa1, 0x8e, 0x1d, 0xba, 0x8a, 0xb2, 0xc4, 0x3f, 0x1e, 0x23, 0x3d,
    0x92, 0xf7, 0x16, 0x8d, 0xd0, 0xad, 0x17, 0xa8, 0x19, 0x34, 0xcc, 0xdb, 0x5c, 0x58, 0x4d, 0x3f,
    0x68, 0x15, 0xd8, 0x53, 0x50, 0x8b, 0xe3, 0xa9, 0x39, 0x1f, 0x92, 0xfb, 0x74, 0x6f, 0x38, 0x15,
    0x52, 0x3a, 0xbf, 0x84, 0xe6, 0x18, 0xf2, 0x3e, 0xb4, 0x21, 0xa3, 0xbf, 0xd0, 0x0c, 0xd1, 0x06,
    0xda, 0xa4, 0x4d, 0x2e, 0x91, 0xe5, 0xe9, 0x65, 0x65, 0xde, 0x6e, 0x29, 0xdc, 0xf3, 0x85, 0xbf,
    0x01, 0x16, 0x50, 0xdd, 0x01, 0xca, 0xf0, 0x90, 0x4d, 0x2b, 0x6d, 0x74, 0xce, 0x3c, 0x1f, 0xbb,
    0x63, 0x41, 0x65, 0x64, 0xef, 0x7a, 0xa8, 0x52, 0xf8, 0x62, 0x48, 0x36, 0xd5, 0x2b, 0x49, 0xb3,
    0xca, 0x88, 0x5b, 0xb8, 0x75, 0xe8, 0x7e, 0x61, 0x1a, 0x2b, 0xfc, 0x57, 0x60, 0x9f, 0x95, 0xab,
    0xbb, 0x41, 0x50, 0xde, 0xa5, 0x30, 0x07, 0x6b, 0xa2, 0xe0, 0xb7, 0xa7, 0xde, 0x88, 0x4b, 0xc9,
    0x0c, 0xcd, 0xb5, 0x4a, 0xd2, 0x6c, 0x98, 0xe1, 0xff, 0x87, 0x29, 0xd4, 0x46, 0xb2, 0xb1, 0xbd,
    0x4a, 0x50, 0xf0, 0x11, 0xf4, 0x24, 0x5e, 0xc1, 0x8b, 0x21, 0xb6, 0xa9, 0x9a, 0x67, 0x2f, 0xfe,
    0xc0, 0x39, 0x4e, 0xba, 0x82, 0xdf, 0xab, 0x78, 0xb1, 0x17, 0x63, 0xca, 0x55, 0x38, 0x24, 0x2f,
    0x4a, 0xc0, 0x6d, 0xa9, 0x94, 0xcd, 0x33, 0xc6, 0xe4, 0xf6, 0x88, 0x51, 0x73, 0x00, 0xf5, 0xf2,
    0x8f, 0xd6, 0x56, 0x46, 0xef, 0xad, 0xc7, 0x95, 0x29, 0x16, 0xfd, 0x23, 0x9f, 0x48, 0x10, 0xac,
    0xac, 0x8c, 0x17, 0x93, 0x32, 0x69, 0x9b, 0x03, 0x6d, 0x71, 0xbb, 0xfe, 0xa2, 0x1d, 0xa7, 0x4b,
    0x47, 0x1b, 0x88, 0xce, 0x42, 0xe9, 0x8b, 0xcc, 0x19, 0x62, 0x69, 0x9b, 0x6d, 0x68, 0xb7, 0xd9,
    0x15, 0x40, 0x52, 0x3a, 0xee, 0xc5, 0x69, 0x49, 0xff, 0xf8, 0x85, 0xc4, 0x4d, 0xfc, 0x14, 0x8f,
    0x61, 0x34, 0xa3, 0xa8, 0x09, 0xd8, 0x70, 0x7f, 0x97, 0xc3, 0x7b, 0x8c, 0x59, 0xf3, 0x59, 0x60,
    0x44, 0x48, 0x4a, 0xda, 0x6d, 0x63, 0xef, 0xcb, 0xd6, 0xd4, 0x2a, 0xa4, 0xb8, 0xcb, 0xbf, 0x02,
    0x30, 0x4d, 0x2b, 0x6d, 0x74, 0x93, 0x34, 0x54, 0x5f, 0xf0, 0x7e, 0xeb, 0xd7, 0x0c, 0x31, 0x41,
    0xb9, 0x6d, 0x8a, 0xc8, 0x79, 0x9c, 0x55, 0x48, 0x46, 0x48, 0x4a, 0x69, 0x33, 0x6d, 0x73, 0xa2,
    0xf7, 0x2c, 0x70, 0x21, 0xf3, 0xe0, 0x76, 0xca, 0x2f, 0xed, 0x1e, 0xf5, 0xc6, 0xe2, 0x7b, 0xac,
    0x57, 0x00, 0x0a, 0x31, 0xbf, 0xf4, 0xfc, 0xc0, 0xa6, 0xa1, 0x6a, 0xef, 0x01, 0x20, 0xcc, 0xd2,
    0x66, 0xda, 0xcb, 0x96, 0x11, 0x23, 0xee, 0xc2, 0xb4, 0x2f, 0x7a, 0x38, 0xfb, 0x71, 0xb9, 0xd0,
    0xc4, 0xc9, 0x31, 0xa6, 0x6d, 0xb5, 0x95, 0x46, 0x09, 0x2f, 0x47, 0xca, 0x9a, 0x88, 0x0f, 0x3e,
    0xac, 0xb0, 0x9f, 0xb7, 0xb7, 0x16, 0xf0, 0x7f, 0x14, 0x23, 0x71, 0x3c, 0x9f, 0x39, 0x89, 0x55,
    0x24, 0x08, 0x4f, 0x7f, 0xb4, 0xb2, 0xb1, 0xdf, 0x51, 0xb8, 0x0a, 0x03, 0x6d, 0x59, 0x34, 0xcf,
    0x16, 0x13, 0x2f, 0x96, 0xef, 0x06, 0xe3, 0xf4, 0xeb, 0x81, 0xa6, 0x6d, 0xb5, 0x30, 0xa1, 0x96,
    0x37, 0xcd, 0x24, 0x68, 0x0e, 0x4f, 0x65, 0xfa, 0x12, 0xaa, 0x44, 0x4f, 0x2d, 0xad, 0x61, 0xdf,
    0x5c, 0x08, 0x12, 0x38, 0x94, 0x85, 0xc9, 0xd7, 0xfd, 0xee, 0x55, 0x49, 0x65, 0x64, 0x42, 0x73,
    0xe1, 0xb6, 0xaa, 0x18, 0x5e, 0xb8, 0xcb, 0x16, 0x99, 0xfb, 0x33, 0xcb, 0x63, 0x07, 0x5e, 0xf1,
    0x4a, 0xa7, 0xd6, 0x82, 0x80, 0x36, 0xd5, 0x2b, 0x49, 0xa4, 0xce, 0x3c, 0x79, 0x21, 0xbe, 0xe4,
    0x0f, 0xdd, 0xb0, 0x65, 0x10, 0x9f, 0xcb, 0x15, 0xee, 0x29, 0xa9, 0x03, 0x87, 0x50, 0x8f, 0x13,
    0xf2, 0xae, 0xc0, 0x5f, 0x1d, 0xdf, 0x2d, 0x50, 0x60, 0x48, 0x25, 0x69, 0x31, 0xb6, 0xb9, 0xe5,
    0x8c, 0x4d, 0xde, 0xbb, 0xfc, 0x53, 0x50, 0xef, 0xe7, 0x56, 0xc0, 0x3d, 0x23, 0x8b, 0x95, 0x95,
    0x9e, 0x6e, 0x42, 0xfc, 0xbd, 0x23, 0x06, 0x23, 0x6d, 0x65, 0x26, 0x69, 0x9e, 0x57, 0x13, 0xd1,
    0xc0, 0x59, 0x59, 0x17, 0x50, 0xa9, 0xa8, 0x23, 0x7c, 0xb8, 0xbc, 0x32, 0x99, 0xa6, 0x72, 0x8d,
    0xb5, 0xc7, 0x09, 0x1c, 0xad, 0xa2, 0x03, 0xcd, 0xde, 0x8f, 0xe7, 0xef, 0x80, 0x8d, 0xca, 0x47,
    0xd3, 0xfa, 0xaa, 0x91, 0xbf, 0x90, 0x10, 0x94, 0x77, 0x11, 0xc5, 0x8a, 0xc2, 0xe4, 0xab, 0xc6,
    0x99, 0xb6, 0xd4, 0xc2, 0x66, 0x58, 0xff, 0x6f, 0x41, 0xbc, 0x5e, 0x82, 0xd7, 0xff, 0x77, 0xc7,
    0x85, 0x95, 0x82, 0x55, 0xc3, 0x2c, 0x5a, 0x66, 0x6d, 0xaa, 0x66, 0x17, 0xcf, 0x47, 0x29, 0x3a,
    0x20, 0x47, 0x0a, 0xaa, 0x4a, 0x51, 0x9b, 0xbb, 0xea, 0x22, 0x02, 0x47, 0x16, 0x15, 0xb9, 0x25,
    0x0b, 0xa6, 0x61, 0x7f, 0xe3, 0x6d, 0x4c, 0xb1, 0x69, 0x9f, 0xca, 0x16, 0xcf, 0xe1, 0xec, 0x35,
    0x15, 0x52, 0x80, 0x8c, 0x59, 0x58, 0xe3, 0x7e, 0xc9, 0x5c, 0x89, 0x94, 0x4e, 0x6d, 0xab, 0xff,
    0x86, 0x58, 0xb4, 0xcc, 0xba, 0xd6, 0x17, 0xf5, 0xe9, 0x13, 0xc9, 0x21, 0x10, 0x3c, 0xb5, 0x4d,
    0x41, 0x0d, 0xce, 0x7f, 0x27, 0x30, 0x24, 0x13, 0x34, 0xcc, 0xdb, 0x59, 0x72, 0xc7, 0xbb, 0x0a,
    0xf7, 0x0a, 0x23, 0x45, 0x7f, 0xce, 0x1d, 0x7a, 0x0e, 0xbf, 0x4e, 0x48, 0x0d, 0xb5, 0x32, 0x99,
    0xa6, 0x72, 0xb1, 0xc2, 0xfb, 0xaa, 0x53, 0x00, 0xf1, 0xcf, 0xc2, 0x88, 0xad, 0xdc, 0xb1, 0xc7,
    0xaa, 0xce, 0xe3, 0x84, 0x53, 0x51, 0x0f, 0xa5, 0xbc, 0xf8, 0x40, 0x46, 0xa1, 0x21, 0x28, 0x69,
    0x9b, 0x6d, 0x4c, 0x26, 0x65, 0x8d, 0xf7, 0x6e, 0x1f, 0xf7, 0xc5, 0x8a, 0xc9, 0xfe, 0x75, 0x10,
    0x46, 0x01, 0x96, 0x2d, 0x33, 0x36, 0xd5, 0x33, 0x0b, 0xee, 0x97, 0xf4, 0xff, 0x72, 0xb2, 0xb5,
    0x35, 0x08, 0x7c, 0x80, 0xdd, 0x12, 0x45, 0x16, 0xbd, 0x70, 0xeb, 0xb1, 0xe9, 0xc9, 0x42, 0xd3,
    0xf9, 0x83, 0x2c, 0x5a, 0x66, 0x6d, 0xaa, 0xe6, 0x17, 0xcf, 0xde, 0xe8, 0x2a, 0x29, 0x78, 0xe2,
    0xc2, 0x35, 0x6e, 0x92, 0xfc, 0x85, 0x14, 0x83, 0x78, 0xc9, 0x21, 0x88, 0x80, 0x70, 0x3a, 0x0c,
    0x70, 0x67, 0x91, 0x6c, 0xeb, 0xee, 0x4c, 0xf8, 0xd7, 0x47, 0xfb, 0x72, 0xa3, 0xbf, 0x4b, 0x2b,
    0x79, 0x2a, 0xaa, 0x46, 0xf1, 0x92, 0x43, 0x11, 0x00, 0xe0, 0x74, 0x18, 0xe0, 0xcf, 0x22, 0xd9,
    0xd7, 0xdc, 0x99, 0xf1, 0xae, 0x8f, 0xf6, 0xe5, 0x47, 0x7e, 0x96, 0x56, 0xf2, 0x55, 0x54, 0x8d,
    0xe3, 0x24, 0x86, 0x22, 0x01, 0xc0, 0xe8, 0x31, 0xc1, 0x9e, 0x45, 0xb3, 0xaf, 0xb9, 0x33, 0xe3,
    0x5d, 0x1f, 0xed, 0xca, 0x8e, 0xfd, 0x2c, 0xad, 0xe4, 0xaa, 0xa9, 0x15, 0x52, 0x70, 0x9f, 0xa8,
    0x01, 0x12, 0xf0, 0x4c, 0xd3, 0x33, 0x6d, 0x65, 0xca, 0x46, 0x38, 0x43, 0xe2, 0xca, 0xc5, 0xbc,
    0xbe, 0xf4, 0x5d, 0xd9, 0x1d, 0x1f, 0xee, 0x0b, 0x63, 0x86, 0xa5, 0x2f, 0x5c, 0xbf, 0xa0, 0x59,
    0x5c, 0x07, 0x9b, 0x85, 0xc9, 0x0c, 0x18, 0x8c, 0xa6, 0x69, 0x99, 0xb6, 0xb2, 0xdf, 0x3f, 0x07,
    0x7f, 0x22, 0xe8, 0x0f, 0xe7, 0xe7, 0xca, 0x55, 0x2c, 0xac, 0x1f, 0x51, 0x17, 0xad, 0xe1, 0x40,
    0x70, 0x48, 0x5e, 0x94, 0x69, 0x9b, 0x6d, 0x49, 0x99, 0x63, 0x85, 0xdd, 0xa3, 0x5b, 0xd0, 0x59,
    0x59, 0xca, 0xd7, 0xd3, 0xf8, 0x46, 0xe1, 0x27, 0x6d, 0xfd, 0x20, 0x42, 0x74, 0x7e, 0x94, 0x30,
    0x99, 0x96, 0x2b, 0xcd, 0x33, 0x6d, 0xad, 0xd4, 0x44, 0xa6, 0xa2, 0x93, 0xc8, 0x81, 0xf4, 0xf4,
    0x76, 0xe3, 0x9f, 0x42, 0xbb, 0x23, 0x80, 0x6e, 0x2d, 0x3f, 0x19, 0x62, 0xd3, 0x32, 0x66, 0x17,
    0x9b, 0x6b, 0x74, 0xbd, 0x49, 0x0d, 0x42, 0x14, 0x4f, 0x56, 0x57, 0x4a, 0xa4, 0x03, 0x79, 0x1e,
    0x01, 0xf2, 0x65, 0xf7, 0x4e, 0xb4, 0x6b, 0xa3, 0xfd, 0x8c, 0x70, 0x67, 0x94, 0xbc, 0xbb, 0x70,
    0xa3, 0xa8, 0xc8, 0x10, 0xa3, 0x24, 0x09, 0x45, 0xd6, 0xb0, 0xbc, 0x99, 0x44, 0xe7, 0x7d, 0x3f,
    0xfa, 0xc5, 0x60, 0xdb, 0x57, 0x3c, 0x19, 0x62, 0xd3, 0x3d, 0xfd, 0xf2, 0x25, 0x54, 0x95, 0x52,
    0x80, 0x8c, 0x59, 0x58, 0xe3, 0x7e, 0xc9, 0x5c, 0x89, 0x94, 0x4e, 0x6d, 0xab, 0xff, 0x86, 0x58,
    0xb4, 0xcc, 0xba, 0xd6, 0x17, 0xf5, 0xe9, 0x13, 0xc9, 0x21, 0x4f, 0x67, 0x67, 0x53, 0x00, 0x04,
    0x40, 0x00, 0x00, 0x00, 0x00, 0x00, 0x00, 0x00, 0x9b, 0x09, 0xf2, 0xf4, 0x02, 0x00, 0x00, 0x00,
    0x86, 0x7a, 0xe7, 0x36, 0x01, 0x08, 0x3f, 0x00, 0x0b, 0xd3, 0x76, 0x7a, 0x00, 0x00,
];
pub const WMV_STUB: &[u8] = &[
    0x30, 0x26, 0xb2, 0x75, 0x8e, 0x66, 0xcf, 0x11, 0xa6, 0xd9, 0x00, 0xaa, 0x00, 0x62, 0xce, 0x6c,
    0x4d, 0x02, 0x00, 0x00, 0x00, 0x00, 0x00, 0x00, 0x05, 0x00, 0x00, 0x00, 0x01, 0x02, 0xa1, 0xdc,
    0xab, 0x8c, 0x47, 0xa9, 0xcf, 0x11, 0x8e, 0xe4, 0x00, 0xc0, 0x0c, 0x20, 0x53, 0x65, 0x68, 0x00,
    0x00, 0x00, 0x00, 0x00, 0x00, 0x00, 0x00, 0x00, 0x00, 0x00, 0x00, 0x00, 0x00, 0x00, 0x00, 0x00,
    0x00, 0x00, 0x00, 0x00, 0x00, 0x00, 0x55, 0x0f, 0x00, 0x00, 0x00, 0x00, 0x00, 0x00, 0x00, 0x80,
    0x3e, 0xd5, 0xde, 0xb1, 0x9d, 0x01, 0x01, 0x00, 0x00, 0x00, 0x00, 0x00, 0x00, 0x00, 0x40, 0x20,
    0xdf, 0x01, 0x00, 0x00, 0x00, 0x00, 0x80, 0x1a, 0x06, 0x00, 0x00, 0x00, 0x00, 0x00, 0x1c, 0x0c,
    0x00, 0x00, 0x00, 0x00, 0x00, 0x00, 0x02, 0x00, 0x00, 0x00, 0x80, 0x0c, 0x00, 0x00, 0x80, 0x0c,
    0x00, 0x00, 0x40, 0x0d, 0x03, 0x00, 0xb5, 0x03, 0xbf, 0x5f, 0x2e, 0xa9, 0xcf, 0x11, 0x8e, 0xe3,
    0x00, 0xc0, 0x0c, 0x20, 0x53, 0x65, 0x9c, 0x00, 0x00, 0x00, 0x00, 0x00, 0x00, 0x00, 0x11, 0xd2,
    0xd3, 0xab, 0xba, 0xa9, 0xcf, 0x11, 0x8e, 0xe6, 0x00, 0xc0, 0x0c, 0x20, 0x53, 0x65, 0x06, 0x00,
    0x6e, 0x00, 0x00, 0x00, 0xea, 0xcb, 0xf8, 0xc5, 0xaf, 0x5b, 0x77, 0x48, 0x84, 0x67, 0xaa, 0x8c,
    0x44, 0xfa, 0x4c, 0xca, 0x6e, 0x00, 0x00, 0x00, 0x00, 0x00, 0x00, 0x00, 0x02, 0x00, 0x00, 0x00,
    0x01, 0x00, 0x1a, 0x00, 0x03, 0x00, 0x04, 0x00, 0x00, 0x00, 0x41, 0x00, 0x73, 0x00, 0x70, 0x00,
    0x65, 0x00, 0x63, 0x00, 0x74, 0x00, 0x52, 0x00, 0x61, 0x00, 0x74, 0x00, 0x69, 0x00, 0x6f, 0x00,
    0x58, 0x00, 0x00, 0x00, 0x01, 0x00, 0x00, 0x00, 0x00, 0x00, 0x01, 0x00, 0x1a, 0x00, 0x03, 0x00,
    0x04, 0x00, 0x00, 0x00, 0x41, 0x00, 0x73, 0x00, 0x70, 0x00, 0x65, 0x00, 0x63, 0x00, 0x74, 0x00,
    0x52, 0x00, 0x61, 0x00, 0x74, 0x00, 0x69, 0x00, 0x6f, 0x00, 0x59, 0x00, 0x00, 0x00, 0x01, 0x00,
    0x00, 0x00, 0x40, 0xa4, 0xd0, 0xd2, 0x07, 0xe3, 0xd2, 0x11, 0x97, 0xf0, 0x00, 0xa0, 0xc9, 0x5e,
    0xa8, 0x50, 0x64, 0x00, 0x00, 0x00, 0x00, 0x00, 0x00, 0x00, 0x01, 0x00, 0x28, 0x00, 0x57, 0x00,
    0x4d, 0x00, 0x2f, 0x00, 0x45, 0x00, 0x6e, 0x00, 0x63, 0x00, 0x6f, 0x00, 0x64, 0x00, 0x69, 0x00,
    0x6e, 0x00, 0x67, 0x00, 0x53, 0x00, 0x65, 0x00, 0x74, 0x00, 0x74, 0x00, 0x69, 0x00, 0x6e, 0x00,
    0x67, 0x00, 0x73, 0x00, 0x00, 0x00, 0x00, 0x00, 0x1c, 0x00, 0x4c, 0x00, 0x61, 0x00, 0x76, 0x00,
    0x66, 0x00, 0x36, 0x00, 0x32, 0x00, 0x2e, 0x00, 0x31, 0x00, 0x32, 0x00, 0x2e, 0x00, 0x31, 0x00,
    0x30, 0x00, 0x32, 0x00, 0x00, 0x00, 0x91, 0x07, 0xdc, 0xb7, 0xb7, 0xa9, 0xcf, 0x11, 0x8e, 0xe6,
    0x00, 0xc0, 0x0c, 0x20, 0x53, 0x65, 0x85, 0x00, 0x00, 0x00, 0x00, 0x00, 0x00, 0x00, 0xc0, 0xef,
    0x19, 0xbc, 0x4d, 0x5b, 0xcf, 0x11, 0xa8, 0xfd, 0x00, 0x80, 0x5f, 0x5c, 0x44, 0x2b, 0x00, 0x57,
    0xfb, 0x20, 0x55, 0x5b, 0xcf, 0x11, 0xa8, 0xfd, 0x00, 0x80, 0x5f, 0x5c, 0x44, 0x2b, 0x00, 0x00,
    0x00, 0x00, 0x00, 0x00, 0x00, 0x00, 0x37, 0x00, 0x00, 0x00, 0x00, 0x00, 0x00, 0x00, 0x01, 0x00,
    0x00, 0x00, 0x00, 0x00, 0x10, 0x00, 0x00, 0x00, 0x10, 0x00, 0x00, 0x00, 0x02, 0x2c, 0x00, 0x2c,
    0x00, 0x00, 0x00, 0x10, 0x00, 0x00, 0x00, 0x10, 0x00, 0x00, 0x00, 0x01, 0x00, 0x18, 0x00, 0x57,
    0x4d, 0x56, 0x32, 0x00, 0x03, 0x00, 0x00, 0x00, 0x00, 0x00, 0x00, 0x00, 0x00, 0x00, 0x00, 0x00,
    0x00, 0x00, 0x00, 0x00, 0x00, 0x00, 0x00, 0xc8, 0xc3, 0xb4, 0x80, 0x40, 0x52, 0xd1, 0x86, 0x1d,
    0x31, 0xd0, 0x11, 0xa3, 0xa4, 0x00, 0xa0, 0xc9, 0x03, 0x48, 0xf6, 0x42, 0x00, 0x00, 0x00, 0x00,
    0x00, 0x00, 0x00, 0x41, 0x52, 0xd1, 0x86, 0x1d, 0x31, 0xd0, 0x11, 0xa3, 0xa4, 0x00, 0xa0, 0xc9,
    0x03, 0x48, 0xf6, 0x01, 0x00, 0x00, 0x00, 0x01, 0x00, 0x05, 0x00, 0x77, 0x00, 0x6d, 0x00, 0x76,
    0x00, 0x32, 0x00, 0x00, 0x00, 0x00, 0x00, 0x04, 0x00, 0x57, 0x4d, 0x56, 0x32, 0x36, 0x26, 0xb2,
    0x75, 0x8e, 0x66, 0xcf, 0x11, 0xa6, 0xd9, 0x00, 0xaa, 0x00, 0x62, 0xce, 0x6c, 0xb2, 0x0c, 0x00,
    0x00, 0x00, 0x00, 0x00, 0x00, 0x00, 0x00, 0x00, 0x00, 0x00, 0x00, 0x00, 0x00, 0x00, 0x00, 0x00,
    0x00, 0x00, 0x00, 0x00, 0x00, 0x01, 0x00, 0x00, 0x00, 0x00, 0x00, 0x00, 0x00, 0x01, 0x01, 0x82,
    0x00, 0x00, 0x11, 0x5d, 0x59, 0x0c, 0x00, 0x00, 0x00, 0x00, 0x00, 0x00, 0x81, 0x81, 0x01, 0x00,
    0x00, 0x00, 0x00, 0x08, 0x08, 0x00, 0x00, 0x00, 0x1c, 0x0c, 0x00, 0x00, 0x08, 0x00, 0x00, 0x10,
    0x60, 0x79, 0xa5, 0x83, 0x50, 0x00, 0x00, 0x00, 0x00, 0x00, 0x00, 0x00, 0x00, 0x00, 0x00, 0x00,
    0x00, 0x00, 0x00, 0x00, 0x00, 0x00, 0x00, 0x00, 0x00, 0x00, 0x00, 0x00, 0x00, 0x00, 0x00, 0x00,
    0x00, 0x00, 0x00, 0x00, 0x00, 0x00, 0x00, 0x00, 0x00, 0x00, 0x00, 0x00, 0x00, 0x00, 0x00, 0x00,
    0x00, 0x00, 0x00, 0x00, 0x00, 0x00, 0x00, 0x00, 0x00, 0x00, 0x00, 0x00, 0x00, 0x00, 0x00, 0x00,
    0x00, 0x00, 0x00, 0x00, 0x00, 0x00, 0x00, 0x00, 0x00, 0x00, 0x00, 0x00, 0x00, 0x00, 0x00, 0x00,
    0x00, 0x00, 0x00, 0x00, 0x00, 0x00, 0x00, 0x00, 0x00, 0x00, 0x00, 0x00, 0x00, 0x00, 0x00, 0x00,
    0x00, 0x00, 0x00, 0x00, 0x00, 0x00, 0x00, 0x00, 0x00, 0x00, 0x00, 0x00, 0x00, 0x00, 0x00, 0x00,
    0x00, 0x00, 0x00, 0x00, 0x00, 0x00, 0x00, 0x00, 0x00, 0x00, 0x00, 0x00, 0x00, 0x00, 0x00, 0x00,
    0x00, 0x00, 0x00, 0x00, 0x00, 0x00, 0x00, 0x00, 0x00, 0x00, 0x00, 0x00, 0x00, 0x00, 0x00, 0x00,
    0x00, 0x00, 0x00, 0x00, 0x00, 0x00, 0x00, 0x00, 0x00, 0x00, 0x00, 0x00, 0x00, 0x00, 0x00, 0x00,
    0x00, 0x00, 0x00, 0x00, 0x00, 0x00, 0x00, 0x00, 0x00, 0x00, 0x00, 0x00, 0x00, 0x00, 0x00, 0x00,
    0x00, 0x00, 0x00, 0x00, 0x00, 0x00, 0x00, 0x00, 0x00, 0x00, 0x00, 0x00, 0x00, 0x00, 0x00, 0x00,
    0x00, 0x00, 0x00, 0x00, 0x00, 0x00, 0x00, 0x00, 0x00, 0x00, 0x00, 0x00, 0x00, 0x00, 0x00, 0x00,
    0x00, 0x00, 0x00, 0x00, 0x00, 0x00, 0x00, 0x00, 0x00, 0x00, 0x00, 0x00, 0x00, 0x00, 0x00, 0x00,
    0x00, 0x00, 0x00, 0x00, 0x00, 0x00, 0x00, 0x00, 0x00, 0x00, 0x00, 0x00, 0x00, 0x00, 0x00, 0x00,
    0x00, 0x00, 0x00, 0x00, 0x00, 0x00, 0x00, 0x00, 0x00, 0x00, 0x00, 0x00, 0x00, 0x00, 0x00, 0x00,
    0x00, 0x00, 0x00, 0x00, 0x00, 0x00, 0x00, 0x00, 0x00, 0x00, 0x00, 0x00, 0x00, 0x00, 0x00, 0x00,
    0x00, 0x00, 0x00, 0x00, 0x00, 0x00, 0x00, 0x00, 0x00, 0x00, 0x00, 0x00, 0x00, 0x00, 0x00, 0x00,
    0x00, 0x00, 0x00, 0x00, 0x00, 0x00, 0x00, 0x00, 0x00, 0x00, 0x00, 0x00, 0x00, 0x00, 0x00, 0x00,
    0x00, 0x00, 0x00, 0x00, 0x00, 0x00, 0x00, 0x00, 0x00, 0x00, 0x00, 0x00, 0x00, 0x00, 0x00, 0x00,
    0x00, 0x00, 0x00, 0x00, 0x00, 0x00, 0x00, 0x00, 0x00, 0x00, 0x00, 0x00, 0x00, 0x00, 0x00, 0x00,
    0x00, 0x00, 0x00, 0x00, 0x00, 0x00, 0x00, 0x00, 0x00, 0x00, 0x00, 0x00, 0x00, 0x00, 0x00, 0x00,
    0x00, 0x00, 0x00, 0x00, 0x00, 0x00, 0x00, 0x00, 0x00, 0x00, 0x00, 0x00, 0x00, 0x00, 0x00, 0x00,
    0x00, 0x00, 0x00, 0x00, 0x00, 0x00, 0x00, 0x00, 0x00, 0x00, 0x00, 0x00, 0x00, 0x00, 0x00, 0x00,
    0x00, 0x00, 0x00, 0x00, 0x00, 0x00, 0x00, 0x00, 0x00, 0x00, 0x00, 0x00, 0x00, 0x00, 0x00, 0x00,
    0x00, 0x00, 0x00, 0x00, 0x00, 0x00, 0x00, 0x00, 0x00, 0x00, 0x00, 0x00, 0x00, 0x00, 0x00, 0x00,
    0x00, 0x00, 0x00, 0x00, 0x00, 0x00, 0x00, 0x00, 0x00, 0x00, 0x00, 0x00, 0x00, 0x00, 0x00, 0x00,
    0x00, 0x00, 0x00, 0x00, 0x00, 0x00, 0x00, 0x00, 0x00, 0x00, 0x00, 0x00, 0x00, 0x00, 0x00, 0x00,
    0x00, 0x00, 0x00, 0x00, 0x00, 0x00, 0x00, 0x00, 0x00, 0x00, 0x00, 0x00, 0x00, 0x00, 0x00, 0x00,
    0x00, 0x00, 0x00, 0x00, 0x00, 0x00, 0x00, 0x00, 0x00, 0x00, 0x00, 0x00, 0x00, 0x00, 0x00, 0x00,
    0x00, 0x00, 0x00, 0x00, 0x00, 0x00, 0x00, 0x00, 0x00, 0x00, 0x00, 0x00, 0x00, 0x00, 0x00, 0x00,
    0x00, 0x00, 0x00, 0x00, 0x00, 0x00, 0x00, 0x00, 0x00, 0x00, 0x00, 0x00, 0x00, 0x00, 0x00, 0x00,
    0x00, 0x00, 0x00, 0x00, 0x00, 0x00, 0x00, 0x00, 0x00, 0x00, 0x00, 0x00, 0x00, 0x00, 0x00, 0x00,
    0x00, 0x00, 0x00, 0x00, 0x00, 0x00, 0x00, 0x00, 0x00, 0x00, 0x00, 0x00, 0x00, 0x00, 0x00, 0x00,
    0x00, 0x00, 0x00, 0x00, 0x00, 0x00, 0x00, 0x00, 0x00, 0x00, 0x00, 0x00, 0x00, 0x00, 0x00, 0x00,
    0x00, 0x00, 0x00, 0x00, 0x00, 0x00, 0x00, 0x00, 0x00, 0x00, 0x00, 0x00, 0x00, 0x00, 0x00, 0x00,
    0x00, 0x00, 0x00, 0x00, 0x00, 0x00, 0x00, 0x00, 0x00, 0x00, 0x00, 0x00, 0x00, 0x00, 0x00, 0x00,
    0x00, 0x00, 0x00, 0x00, 0x00, 0x00, 0x00, 0x00, 0x00, 0x00, 0x00, 0x00, 0x00, 0x00, 0x00, 0x00,
    0x00, 0x00, 0x00, 0x00, 0x00, 0x00, 0x00, 0x00, 0x00, 0x00, 0x00, 0x00, 0x00, 0x00, 0x00, 0x00,
    0x00, 0x00, 0x00, 0x00, 0x00, 0x00, 0x00, 0x00, 0x00, 0x00, 0x00, 0x00, 0x00, 0x00, 0x00, 0x00,
    0x00, 0x00, 0x00, 0x00, 0x00, 0x00, 0x00, 0x00, 0x00, 0x00, 0x00, 0x00, 0x00, 0x00, 0x00, 0x00,
    0x00, 0x00, 0x00, 0x00, 0x00, 0x00, 0x00, 0x00, 0x00, 0x00, 0x00, 0x00, 0x00, 0x00, 0x00, 0x00,
    0x00, 0x00, 0x00, 0x00, 0x00, 0x00, 0x00, 0x00, 0x00, 0x00, 0x00, 0x00, 0x00, 0x00, 0x00, 0x00,
    0x00, 0x00, 0x00, 0x00, 0x00, 0x00, 0x00, 0x00, 0x00, 0x00, 0x00, 0x00, 0x00, 0x00, 0x00, 0x00,
    0x00, 0x00, 0x00, 0x00, 0x00, 0x00, 0x00, 0x00, 0x00, 0x00, 0x00, 0x00, 0x00, 0x00, 0x00, 0x00,
    0x00, 0x00, 0x00, 0x00, 0x00, 0x00, 0x00, 0x00, 0x00, 0x00, 0x00, 0x00, 0x00, 0x00, 0x00, 0x00,
    0x00, 0x00, 0x00, 0x00, 0x00, 0x00, 0x00, 0x00, 0x00, 0x00, 0x00, 0x00, 0x00, 0x00, 0x00, 0x00,
    0x00, 0x00, 0x00, 0x00, 0x00, 0x00, 0x00, 0x00, 0x00, 0x00, 0x00, 0x00, 0x00, 0x00, 0x00, 0x00,
    0x00, 0x00, 0x00, 0x00, 0x00, 0x00, 0x00, 0x00, 0x00, 0x00, 0x00, 0x00, 0x00, 0x00, 0x00, 0x00,
    0x00, 0x00, 0x00, 0x00, 0x00, 0x00, 0x00, 0x00, 0x00, 0x00, 0x00, 0x00, 0x00, 0x00, 0x00, 0x00,
    0x00, 0x00, 0x00, 0x00, 0x00, 0x00, 0x00, 0x00, 0x00, 0x00, 0x00, 0x00, 0x00, 0x00, 0x00, 0x00,
    0x00, 0x00, 0x00, 0x00, 0x00, 0x00, 0x00, 0x00, 0x00, 0x00, 0x00, 0x00, 0x00, 0x00, 0x00, 0x00,
    0x00, 0x00, 0x00, 0x00, 0x00, 0x00, 0x00, 0x00, 0x00, 0x00, 0x00, 0x00, 0x00, 0x00, 0x00, 0x00,
    0x00, 0x00, 0x00, 0x00, 0x00, 0x00, 0x00, 0x00, 0x00, 0x00, 0x00, 0x00, 0x00, 0x00, 0x00, 0x00,
    0x00, 0x00, 0x00, 0x00, 0x00, 0x00, 0x00, 0x00, 0x00, 0x00, 0x00, 0x00, 0x00, 0x00, 0x00, 0x00,
    0x00, 0x00, 0x00, 0x00, 0x00, 0x00, 0x00, 0x00, 0x00, 0x00, 0x00, 0x00, 0x00, 0x00, 0x00, 0x00,
    0x00, 0x00, 0x00, 0x00, 0x00, 0x00, 0x00, 0x00, 0x00, 0x00, 0x00, 0x00, 0x00, 0x00, 0x00, 0x00,
    0x00, 0x00, 0x00, 0x00, 0x00, 0x00, 0x00, 0x00, 0x00, 0x00, 0x00, 0x00, 0x00, 0x00, 0x00, 0x00,
    0x00, 0x00, 0x00, 0x00, 0x00, 0x00, 0x00, 0x00, 0x00, 0x00, 0x00, 0x00, 0x00, 0x00, 0x00, 0x00,
    0x00, 0x00, 0x00, 0x00, 0x00, 0x00, 0x00, 0x00, 0x00, 0x00, 0x00, 0x00, 0x00, 0x00, 0x00, 0x00,
    0x00, 0x00, 0x00, 0x00, 0x00, 0x00, 0x00, 0x00, 0x00, 0x00, 0x00, 0x00, 0x00, 0x00, 0x00, 0x00,
    0x00, 0x00, 0x00, 0x00, 0x00, 0x00, 0x00, 0x00, 0x00, 0x00, 0x00, 0x00, 0x00, 0x00, 0x00, 0x00,
    0x00, 0x00, 0x00, 0x00, 0x00, 0x00, 0x00, 0x00, 0x00, 0x00, 0x00, 0x00, 0x00, 0x00, 0x00, 0x00,
    0x00, 0x00, 0x00, 0x00, 0x00, 0x00, 0x00, 0x00, 0x00, 0x00, 0x00, 0x00, 0x00, 0x00, 0x00, 0x00,
    0x00, 0x00, 0x00, 0x00, 0x00, 0x00, 0x00, 0x00, 0x00, 0x00, 0x00, 0x00, 0x00, 0x00, 0x00, 0x00,
    0x00, 0x00, 0x00, 0x00, 0x00, 0x00, 0x00, 0x00, 0x00, 0x00, 0x00, 0x00, 0x00, 0x00, 0x00, 0x00,
    0x00, 0x00, 0x00, 0x00, 0x00, 0x00, 0x00, 0x00, 0x00, 0x00, 0x00, 0x00, 0x00, 0x00, 0x00, 0x00,
    0x00, 0x00, 0x00, 0x00, 0x00, 0x00, 0x00, 0x00, 0x00, 0x00, 0x00, 0x00, 0x00, 0x00, 0x00, 0x00,
    0x00, 0x00, 0x00, 0x00, 0x00, 0x00, 0x00, 0x00, 0x00, 0x00, 0x00, 0x00, 0x00, 0x00, 0x00, 0x00,
    0x00, 0x00, 0x00, 0x00, 0x00, 0x00, 0x00, 0x00, 0x00, 0x00, 0x00, 0x00, 0x00, 0x00, 0x00, 0x00,
    0x00, 0x00, 0x00, 0x00, 0x00, 0x00, 0x00, 0x00, 0x00, 0x00, 0x00, 0x00, 0x00, 0x00, 0x00, 0x00,
    0x00, 0x00, 0x00, 0x00, 0x00, 0x00, 0x00, 0x00, 0x00, 0x00, 0x00, 0x00, 0x00, 0x00, 0x00, 0x00,
    0x00, 0x00, 0x00, 0x00, 0x00, 0x00, 0x00, 0x00, 0x00, 0x00, 0x00, 0x00, 0x00, 0x00, 0x00, 0x00,
    0x00, 0x00, 0x00, 0x00, 0x00, 0x00, 0x00, 0x00, 0x00, 0x00, 0x00, 0x00, 0x00, 0x00, 0x00, 0x00,
    0x00, 0x00, 0x00, 0x00, 0x00, 0x00, 0x00, 0x00, 0x00, 0x00, 0x00, 0x00, 0x00, 0x00, 0x00, 0x00,
    0x00, 0x00, 0x00, 0x00, 0x00, 0x00, 0x00, 0x00, 0x00, 0x00, 0x00, 0x00, 0x00, 0x00, 0x00, 0x00,
    0x00, 0x00, 0x00, 0x00, 0x00, 0x00, 0x00, 0x00, 0x00, 0x00, 0x00, 0x00, 0x00, 0x00, 0x00, 0x00,
    0x00, 0x00, 0x00, 0x00, 0x00, 0x00, 0x00, 0x00, 0x00, 0x00, 0x00, 0x00, 0x00, 0x00, 0x00, 0x00,
    0x00, 0x00, 0x00, 0x00, 0x00, 0x00, 0x00, 0x00, 0x00, 0x00, 0x00, 0x00, 0x00, 0x00, 0x00, 0x00,
    0x00, 0x00, 0x00, 0x00, 0x00, 0x00, 0x00, 0x00, 0x00, 0x00, 0x00, 0x00, 0x00, 0x00, 0x00, 0x00,
    0x00, 0x00, 0x00, 0x00, 0x00, 0x00, 0x00, 0x00, 0x00, 0x00, 0x00, 0x00, 0x00, 0x00, 0x00, 0x00,
    0x00, 0x00, 0x00, 0x00, 0x00, 0x00, 0x00, 0x00, 0x00, 0x00, 0x00, 0x00, 0x00, 0x00, 0x00, 0x00,
    0x00, 0x00, 0x00, 0x00, 0x00, 0x00, 0x00, 0x00, 0x00, 0x00, 0x00, 0x00, 0x00, 0x00, 0x00, 0x00,
    0x00, 0x00, 0x00, 0x00, 0x00, 0x00, 0x00, 0x00, 0x00, 0x00, 0x00, 0x00, 0x00, 0x00, 0x00, 0x00,
    0x00, 0x00, 0x00, 0x00, 0x00, 0x00, 0x00, 0x00, 0x00, 0x00, 0x00, 0x00, 0x00, 0x00, 0x00, 0x00,
    0x00, 0x00, 0x00, 0x00, 0x00, 0x00, 0x00, 0x00, 0x00, 0x00, 0x00, 0x00, 0x00, 0x00, 0x00, 0x00,
    0x00, 0x00, 0x00, 0x00, 0x00, 0x00, 0x00, 0x00, 0x00, 0x00, 0x00, 0x00, 0x00, 0x00, 0x00, 0x00,
    0x00, 0x00, 0x00, 0x00, 0x00, 0x00, 0x00, 0x00, 0x00, 0x00, 0x00, 0x00, 0x00, 0x00, 0x00, 0x00,
    0x00, 0x00, 0x00, 0x00, 0x00, 0x00, 0x00, 0x00, 0x00, 0x00, 0x00, 0x00, 0x00, 0x00, 0x00, 0x00,
    0x00, 0x00, 0x00, 0x00, 0x00, 0x00, 0x00, 0x00, 0x00, 0x00, 0x00, 0x00, 0x00, 0x00, 0x00, 0x00,
    0x00, 0x00, 0x00, 0x00, 0x00, 0x00, 0x00, 0x00, 0x00, 0x00, 0x00, 0x00, 0x00, 0x00, 0x00, 0x00,
    0x00, 0x00, 0x00, 0x00, 0x00, 0x00, 0x00, 0x00, 0x00, 0x00, 0x00, 0x00, 0x00, 0x00, 0x00, 0x00,
    0x00, 0x00, 0x00, 0x00, 0x00, 0x00, 0x00, 0x00, 0x00, 0x00, 0x00, 0x00, 0x00, 0x00, 0x00, 0x00,
    0x00, 0x00, 0x00, 0x00, 0x00, 0x00, 0x00, 0x00, 0x00, 0x00, 0x00, 0x00, 0x00, 0x00, 0x00, 0x00,
    0x00, 0x00, 0x00, 0x00, 0x00, 0x00, 0x00, 0x00, 0x00, 0x00, 0x00, 0x00, 0x00, 0x00, 0x00, 0x00,
    0x00, 0x00, 0x00, 0x00, 0x00, 0x00, 0x00, 0x00, 0x00, 0x00, 0x00, 0x00, 0x00, 0x00, 0x00, 0x00,
    0x00, 0x00, 0x00, 0x00, 0x00, 0x00, 0x00, 0x00, 0x00, 0x00, 0x00, 0x00, 0x00, 0x00, 0x00, 0x00,
    0x00, 0x00, 0x00, 0x00, 0x00, 0x00, 0x00, 0x00, 0x00, 0x00, 0x00, 0x00, 0x00, 0x00, 0x00, 0x00,
    0x00, 0x00, 0x00, 0x00, 0x00, 0x00, 0x00, 0x00, 0x00, 0x00, 0x00, 0x00, 0x00, 0x00, 0x00, 0x00,
    0x00, 0x00, 0x00, 0x00, 0x00, 0x00, 0x00, 0x00, 0x00, 0x00, 0x00, 0x00, 0x00, 0x00, 0x00, 0x00,
    0x00, 0x00, 0x00, 0x00, 0x00, 0x00, 0x00, 0x00, 0x00, 0x00, 0x00, 0x00, 0x00, 0x00, 0x00, 0x00,
    0x00, 0x00, 0x00, 0x00, 0x00, 0x00, 0x00, 0x00, 0x00, 0x00, 0x00, 0x00, 0x00, 0x00, 0x00, 0x00,
    0x00, 0x00, 0x00, 0x00, 0x00, 0x00, 0x00, 0x00, 0x00, 0x00, 0x00, 0x00, 0x00, 0x00, 0x00, 0x00,
    0x00, 0x00, 0x00, 0x00, 0x00, 0x00, 0x00, 0x00, 0x00, 0x00, 0x00, 0x00, 0x00, 0x00, 0x00, 0x00,
    0x00, 0x00, 0x00, 0x00, 0x00, 0x00, 0x00, 0x00, 0x00, 0x00, 0x00, 0x00, 0x00, 0x00, 0x00, 0x00,
    0x00, 0x00, 0x00, 0x00, 0x00, 0x00, 0x00, 0x00, 0x00, 0x00, 0x00, 0x00, 0x00, 0x00, 0x00, 0x00,
    0x00, 0x00, 0x00, 0x00, 0x00, 0x00, 0x00, 0x00, 0x00, 0x00, 0x00, 0x00, 0x00, 0x00, 0x00, 0x00,
    0x00, 0x00, 0x00, 0x00, 0x00, 0x00, 0x00, 0x00, 0x00, 0x00, 0x00, 0x00, 0x00, 0x00, 0x00, 0x00,
    0x00, 0x00, 0x00, 0x00, 0x00, 0x00, 0x00, 0x00, 0x00, 0x00, 0x00, 0x00, 0x00, 0x00, 0x00, 0x00,
    0x00, 0x00, 0x00, 0x00, 0x00, 0x00, 0x00, 0x00, 0x00, 0x00, 0x00, 0x00, 0x00, 0x00, 0x00, 0x00,
    0x00, 0x00, 0x00, 0x00, 0x00, 0x00, 0x00, 0x00, 0x00, 0x00, 0x00, 0x00, 0x00, 0x00, 0x00, 0x00,
    0x00, 0x00, 0x00, 0x00, 0x00, 0x00, 0x00, 0x00, 0x00, 0x00, 0x00, 0x00, 0x00, 0x00, 0x00, 0x00,
    0x00, 0x00, 0x00, 0x00, 0x00, 0x00, 0x00, 0x00, 0x00, 0x00, 0x00, 0x00, 0x00, 0x00, 0x00, 0x00,
    0x00, 0x00, 0x00, 0x00, 0x00, 0x00, 0x00, 0x00, 0x00, 0x00, 0x00, 0x00, 0x00, 0x00, 0x00, 0x00,
    0x00, 0x00, 0x00, 0x00, 0x00, 0x00, 0x00, 0x00, 0x00, 0x00, 0x00, 0x00, 0x00, 0x00, 0x00, 0x00,
    0x00, 0x00, 0x00, 0x00, 0x00, 0x00, 0x00, 0x00, 0x00, 0x00, 0x00, 0x00, 0x00, 0x00, 0x00, 0x00,
    0x00, 0x00, 0x00, 0x00, 0x00, 0x00, 0x00, 0x00, 0x00, 0x00, 0x00, 0x00, 0x00, 0x00, 0x00, 0x00,
    0x00, 0x00, 0x00, 0x00, 0x00, 0x00, 0x00, 0x00, 0x00, 0x00, 0x00, 0x00, 0x00, 0x00, 0x00, 0x00,
    0x00, 0x00, 0x00, 0x00, 0x00, 0x00, 0x00, 0x00, 0x00, 0x00, 0x00, 0x00, 0x00, 0x00, 0x00, 0x00,
    0x00, 0x00, 0x00, 0x00, 0x00, 0x00, 0x00, 0x00, 0x00, 0x00, 0x00, 0x00, 0x00, 0x00, 0x00, 0x00,
    0x00, 0x00, 0x00, 0x00, 0x00, 0x00, 0x00, 0x00, 0x00, 0x00, 0x00, 0x00, 0x00, 0x00, 0x00, 0x00,
    0x00, 0x00, 0x00, 0x00, 0x00, 0x00, 0x00, 0x00, 0x00, 0x00, 0x00, 0x00, 0x00, 0x00, 0x00, 0x00,
    0x00, 0x00, 0x00, 0x00, 0x00, 0x00, 0x00, 0x00, 0x00, 0x00, 0x00, 0x00, 0x00, 0x00, 0x00, 0x00,
    0x00, 0x00, 0x00, 0x00, 0x00, 0x00, 0x00, 0x00, 0x00, 0x00, 0x00, 0x00, 0x00, 0x00, 0x00, 0x00,
    0x00, 0x00, 0x00, 0x00, 0x00, 0x00, 0x00, 0x00, 0x00, 0x00, 0x00, 0x00, 0x00, 0x00, 0x00, 0x00,
    0x00, 0x00, 0x00, 0x00, 0x00, 0x00, 0x00, 0x00, 0x00, 0x00, 0x00, 0x00, 0x00, 0x00, 0x00, 0x00,
    0x00, 0x00, 0x00, 0x00, 0x00, 0x00, 0x00, 0x00, 0x00, 0x00, 0x00, 0x00, 0x00, 0x00, 0x00, 0x00,
    0x00, 0x00, 0x00, 0x00, 0x00, 0x00, 0x00, 0x00, 0x00, 0x00, 0x00, 0x00, 0x00, 0x00, 0x00, 0x00,
    0x00, 0x00, 0x00, 0x00, 0x00, 0x00, 0x00, 0x00, 0x00, 0x00, 0x00, 0x00, 0x00, 0x00, 0x00, 0x00,
    0x00, 0x00, 0x00, 0x00, 0x00, 0x00, 0x00, 0x00, 0x00, 0x00, 0x00, 0x00, 0x00, 0x00, 0x00, 0x00,
    0x00, 0x00, 0x00, 0x00, 0x00, 0x00, 0x00, 0x00, 0x00, 0x00, 0x00, 0x00, 0x00, 0x00, 0x00, 0x00,
    0x00, 0x00, 0x00, 0x00, 0x00, 0x00, 0x00, 0x00, 0x00, 0x00, 0x00, 0x00, 0x00, 0x00, 0x00, 0x00,
    0x00, 0x00, 0x00, 0x00, 0x00, 0x00, 0x00, 0x00, 0x00, 0x00, 0x00, 0x00, 0x00, 0x00, 0x00, 0x00,
    0x00, 0x00, 0x00, 0x00, 0x00, 0x00, 0x00, 0x00, 0x00, 0x00, 0x00, 0x00, 0x00, 0x00, 0x00, 0x00,
    0x00, 0x00, 0x00, 0x00, 0x00, 0x00, 0x00, 0x00, 0x00, 0x00, 0x00, 0x00, 0x00, 0x00, 0x00, 0x00,
    0x00, 0x00, 0x00, 0x00, 0x00, 0x00, 0x00, 0x00, 0x00, 0x00, 0x00, 0x00, 0x00, 0x00, 0x00, 0x00,
    0x00, 0x00, 0x00, 0x00, 0x00, 0x00, 0x00, 0x00, 0x00, 0x00, 0x00, 0x00, 0x00, 0x00, 0x00, 0x00,
    0x00, 0x00, 0x00, 0x00, 0x00, 0x00, 0x00, 0x00, 0x00, 0x00, 0x00, 0x00, 0x00, 0x00, 0x00, 0x00,
    0x00, 0x00, 0x00, 0x00, 0x00, 0x00, 0x00, 0x00, 0x00, 0x00, 0x00, 0x00, 0x00, 0x00, 0x00, 0x00,
    0x00, 0x00, 0x00, 0x00, 0x00, 0x00, 0x00, 0x00, 0x00, 0x00, 0x00, 0x00, 0x00, 0x00, 0x00, 0x00,
    0x00, 0x00, 0x00, 0x00, 0x00, 0x00, 0x00, 0x00, 0x00, 0x00, 0x00, 0x00, 0x00, 0x00, 0x00, 0x00,
    0x00, 0x00, 0x00, 0x00, 0x00, 0x00, 0x00, 0x00, 0x00, 0x00, 0x00, 0x00, 0x00, 0x00, 0x00, 0x00,
    0x00, 0x00, 0x00, 0x00, 0x00, 0x00, 0x00, 0x00, 0x00, 0x00, 0x00, 0x00, 0x00, 0x00, 0x00, 0x00,
    0x00, 0x00, 0x00, 0x00, 0x00, 0x00, 0x00, 0x00, 0x00, 0x00, 0x00, 0x00, 0x00, 0x00, 0x00, 0x00,
    0x00, 0x00, 0x00, 0x00, 0x00, 0x00, 0x00, 0x00, 0x00, 0x00, 0x00, 0x00, 0x00, 0x00, 0x00, 0x00,
    0x00, 0x00, 0x00, 0x00, 0x00, 0x00, 0x00, 0x00, 0x00, 0x00, 0x00, 0x00, 0x00, 0x00, 0x00, 0x00,
    0x00, 0x00, 0x00, 0x00, 0x00, 0x00, 0x00, 0x00, 0x00, 0x00, 0x00, 0x00, 0x00, 0x00, 0x00, 0x00,
    0x00, 0x00, 0x00, 0x00, 0x00, 0x00, 0x00, 0x00, 0x00, 0x00, 0x00, 0x00, 0x00, 0x00, 0x00, 0x00,
    0x00, 0x00, 0x00, 0x00, 0x00, 0x00, 0x00, 0x00, 0x00, 0x00, 0x00, 0x00, 0x00, 0x00, 0x00, 0x00,
    0x00, 0x00, 0x00, 0x00, 0x00, 0x00, 0x00, 0x00, 0x00, 0x00, 0x00, 0x00, 0x00, 0x00, 0x00, 0x00,
    0x00, 0x00, 0x00, 0x00, 0x00, 0x00, 0x00, 0x00, 0x00, 0x00, 0x00, 0x00, 0x00, 0x00, 0x00, 0x00,
    0x00, 0x00, 0x00, 0x00, 0x00, 0x00, 0x00, 0x00, 0x00, 0x00, 0x00, 0x00, 0x00, 0x00, 0x00, 0x00,
    0x00, 0x00, 0x00, 0x00, 0x00, 0x00, 0x00, 0x00, 0x00, 0x00, 0x00, 0x00, 0x00, 0x00, 0x00, 0x00,
    0x00, 0x00, 0x00, 0x00, 0x00, 0x00, 0x00, 0x00, 0x00, 0x00, 0x00, 0x00, 0x00, 0x00, 0x00, 0x00,
    0x00, 0x00, 0x00, 0x00, 0x00, 0x00, 0x00, 0x00, 0x00, 0x00, 0x00, 0x00, 0x00, 0x00, 0x00, 0x00,
    0x00, 0x00, 0x00, 0x00, 0x00, 0x00, 0x00, 0x00, 0x00, 0x00, 0x00, 0x00, 0x00, 0x00, 0x00, 0x00,
    0x00, 0x00, 0x00, 0x00, 0x00, 0x00, 0x00, 0x00, 0x00, 0x00, 0x00, 0x00, 0x00, 0x00, 0x00, 0x00,
    0x00, 0x00, 0x00, 0x00, 0x00, 0x00, 0x00, 0x00, 0x00, 0x00, 0x00, 0x00, 0x00, 0x00, 0x00, 0x00,
    0x00, 0x00, 0x00, 0x00, 0x00, 0x00, 0x00, 0x00, 0x00, 0x00, 0x00, 0x00, 0x00, 0x00, 0x00, 0x00,
    0x00, 0x00, 0x00, 0x00, 0x00, 0x00, 0x00, 0x00, 0x00, 0x00, 0x00, 0x00, 0x00, 0x00, 0x00, 0x00,
    0x00, 0x00, 0x00, 0x00, 0x00, 0x00, 0x00, 0x00, 0x00, 0x00, 0x00, 0x00, 0x00, 0x00, 0x00, 0x00,
    0x00, 0x00, 0x00, 0x00, 0x00, 0x00, 0x00, 0x00, 0x00, 0x00, 0x00, 0x00, 0x00, 0x00, 0x00, 0x00,
    0x00, 0x00, 0x00, 0x00, 0x00, 0x00, 0x00, 0x00, 0x00, 0x00, 0x00, 0x00, 0x00, 0x00, 0x00, 0x00,
    0x00, 0x00, 0x00, 0x00, 0x00, 0x00, 0x00, 0x00, 0x00, 0x00, 0x00, 0x00, 0x00, 0x00, 0x00, 0x00,
    0x00, 0x00, 0x00, 0x00, 0x00, 0x00, 0x00, 0x00, 0x00, 0x00, 0x00, 0x00, 0x00, 0x00, 0x00, 0x00,
    0x00, 0x00, 0x00, 0x00, 0x00, 0x00, 0x00, 0x00, 0x00, 0x00, 0x00, 0x00, 0x00, 0x00, 0x00, 0x00,
    0x00, 0x00, 0x00, 0x00, 0x00, 0x00, 0x00, 0x00, 0x00, 0x00, 0x00, 0x00, 0x00, 0x00, 0x00, 0x00,
    0x00, 0x00, 0x00, 0x00, 0x00, 0x00, 0x00, 0x00, 0x00, 0x00, 0x00, 0x00, 0x00, 0x00, 0x00, 0x00,
    0x00, 0x00, 0x00, 0x00, 0x00, 0x00, 0x00, 0x00, 0x00, 0x00, 0x00, 0x00, 0x00, 0x00, 0x00, 0x00,
    0x00, 0x00, 0x00, 0x00, 0x00, 0x00, 0x00, 0x00, 0x00, 0x00, 0x00, 0x00, 0x00, 0x00, 0x00, 0x00,
    0x00, 0x00, 0x00, 0x00, 0x00, 0x00, 0x00, 0x00, 0x00, 0x00, 0x00, 0x00, 0x00, 0x00, 0x00, 0x00,
    0x00, 0x00, 0x00, 0x00, 0x00, 0x00, 0x00, 0x00, 0x00, 0x00, 0x00, 0x00, 0x00, 0x00, 0x00, 0x00,
    0x00, 0x00, 0x00, 0x00, 0x00, 0x00, 0x00, 0x00, 0x00, 0x00, 0x00, 0x00, 0x00, 0x00, 0x00, 0x00,
    0x00, 0x00, 0x00, 0x00, 0x00, 0x00, 0x00, 0x00, 0x00, 0x00, 0x00, 0x00, 0x00, 0x00, 0x00, 0x00,
    0x00, 0x00, 0x00, 0x00, 0x00, 0x00, 0x00, 0x00, 0x00, 0x00, 0x00, 0x00, 0x00, 0x00, 0x00, 0x00,
    0x00, 0x00, 0x00, 0x00, 0x00, 0x00, 0x00, 0x00, 0x00, 0x00, 0x00, 0x00, 0x00, 0x00, 0x00, 0x00,
    0x00, 0x00, 0x00, 0x00, 0x00, 0x00, 0x00, 0x00, 0x00, 0x00, 0x00, 0x00, 0x00, 0x00, 0x00, 0x00,
    0x00, 0x00, 0x00, 0x00, 0x00, 0x00, 0x00, 0x00, 0x00, 0x00, 0x00, 0x00, 0x00, 0x00, 0x00, 0x00,
    0x00, 0x00, 0x00, 0x00, 0x00, 0x00, 0x00, 0x00, 0x00, 0x00, 0x00, 0x00, 0x00, 0x00, 0x00, 0x00,
    0x00, 0x00, 0x00, 0x00, 0x00, 0x00, 0x00, 0x00, 0x00, 0x00, 0x00, 0x00, 0x00, 0x00, 0x00, 0x00,
    0x00, 0x00, 0x00, 0x00, 0x00, 0x00, 0x00, 0x00, 0x00, 0x00, 0x00, 0x00, 0x00, 0x00, 0x00, 0x00,
    0x00, 0x00, 0x00, 0x00, 0x00, 0x00, 0x00, 0x00, 0x00, 0x00, 0x00, 0x00, 0x00, 0x00, 0x00, 0x00,
    0x00, 0x00, 0x00, 0x00, 0x00, 0x00, 0x00, 0x00, 0x00, 0x00, 0x00, 0x00, 0x00, 0x00, 0x00, 0x00,
    0x00, 0x00, 0x00, 0x00, 0x00, 0x00, 0x00, 0x00, 0x00, 0x00, 0x00, 0x00, 0x00, 0x00, 0x00, 0x00,
    0x00, 0x00, 0x00, 0x00, 0x00, 0x00, 0x00, 0x00, 0x00, 0x00, 0x00, 0x00, 0x00, 0x00, 0x00, 0x00,
    0x00, 0x00, 0x00, 0x00, 0x00, 0x00, 0x00, 0x00, 0x00, 0x00, 0x00, 0x00, 0x00, 0x00, 0x00, 0x00,
    0x00, 0x00, 0x00, 0x00, 0x00, 0x00, 0x00, 0x00, 0x00, 0x00, 0x00, 0x00, 0x00, 0x00, 0x00, 0x00,
    0x00, 0x00, 0x00, 0x00, 0x00, 0x00, 0x00, 0x00, 0x00, 0x00, 0x00, 0x00, 0x00, 0x00, 0x00, 0x00,
    0x00, 0x00, 0x00, 0x00, 0x00, 0x00, 0x00, 0x00, 0x00, 0x00, 0x00, 0x00, 0x00, 0x00, 0x00, 0x00,
    0x00, 0x00, 0x00, 0x00, 0x00, 0x00, 0x00, 0x00, 0x00, 0x00, 0x00, 0x00, 0x00, 0x00, 0x00, 0x00,
    0x00, 0x00, 0x00, 0x00, 0x00, 0x00, 0x00, 0x00, 0x00, 0x00, 0x00, 0x00, 0x00, 0x00, 0x00, 0x00,
    0x00, 0x00, 0x00, 0x00, 0x00, 0x00, 0x00, 0x00, 0x00, 0x00, 0x00, 0x00, 0x00, 0x00, 0x00, 0x00,
    0x00, 0x00, 0x00, 0x00, 0x00, 0x00, 0x00, 0x00, 0x00, 0x00, 0x00, 0x00, 0x00, 0x00, 0x00, 0x00,
    0x00, 0x00, 0x00, 0x00, 0x00, 0x00, 0x00, 0x00, 0x00, 0x00, 0x00, 0x00, 0x00, 0x00, 0x00, 0x00,
    0x00, 0x00, 0x00, 0x00, 0x00, 0x00, 0x00, 0x00, 0x00, 0x00, 0x00, 0x00, 0x00, 0x00, 0x00, 0x00,
    0x00, 0x00, 0x00, 0x00, 0x00, 0x00, 0x00, 0x00, 0x00, 0x00, 0x00, 0x00, 0x00, 0x00, 0x00, 0x00,
    0x00, 0x00, 0x00, 0x00, 0x00, 0x00, 0x00, 0x00, 0x00, 0x00, 0x00, 0x00, 0x00, 0x00, 0x00, 0x00,
    0x00, 0x00, 0x00, 0x00, 0x00, 0x00, 0x00, 0x00, 0x00, 0x00, 0x00, 0x00, 0x00, 0x00, 0x00, 0x90,
    0x08, 0x00, 0x33, 0xb1, 0xe5, 0xcf, 0x11, 0x89, 0xf4, 0x00, 0xa0, 0xc9, 0x03, 0x49, 0xcb, 0x56,
    0x00, 0x00, 0x00, 0x00, 0x00, 0x00, 0x00, 0x00, 0x00, 0x00, 0x00, 0x00, 0x00, 0x00, 0x00, 0x00,
    0x00, 0x00, 0x00, 0x00, 0x00, 0x00, 0x00, 0x80, 0x96, 0x98, 0x00, 0x00, 0x00, 0x00, 0x00, 0x00,
    0x00, 0x00, 0x00, 0x05, 0x00, 0x00, 0x00, 0x00, 0x00, 0x00, 0x00, 0x00, 0x00, 0x00, 0x00, 0x00,
    0x00, 0x00, 0x00, 0x00, 0x00, 0x00, 0x00, 0x00, 0x00, 0x00, 0x00, 0x00, 0x00, 0x00, 0x00, 0x00,
    0x00, 0x00, 0x00, 0x00, 0x00,
];
pub const AVI_STUB: &[u8] = &[
    0x52, 0x49, 0x46, 0x46, 0x92, 0x19, 0x00, 0x00, 0x41, 0x56, 0x49, 0x20, 0x4c, 0x49, 0x53, 0x54,
    0x38, 0x12, 0x00, 0x00, 0x68, 0x64, 0x72, 0x6c, 0x61, 0x76, 0x69, 0x68, 0x38, 0x00, 0x00, 0x00,
    0x40, 0x9c, 0x00, 0x00, 0x00, 0x4b, 0x00, 0x00, 0x00, 0x00, 0x00, 0x00, 0x10, 0x09, 0x00, 0x00,
    0x01, 0x00, 0x00, 0x00, 0x00, 0x00, 0x00, 0x00, 0x01, 0x00, 0x00, 0x00, 0x00, 0x00, 0x10, 0x00,
    0x10, 0x00, 0x00, 0x00, 0x10, 0x00, 0x00, 0x00, 0x00, 0x00, 0x00, 0x00, 0x00, 0x00, 0x00, 0x00,
    0x00, 0x00, 0x00, 0x00, 0x00, 0x00, 0x00, 0x00, 0x4c, 0x49, 0x53, 0x54, 0xe0, 0x10, 0x00, 0x00,
    0x73, 0x74, 0x72, 0x6c, 0x73, 0x74, 0x72, 0x68, 0x38, 0x00, 0x00, 0x00, 0x76, 0x69, 0x64, 0x73,
    0x00, 0x00, 0x00, 0x00, 0x00, 0x00, 0x00, 0x00, 0x00, 0x00, 0x00, 0x00, 0x00, 0x00, 0x00, 0x00,
    0x01, 0x00, 0x00, 0x00, 0x19, 0x00, 0x00, 0x00, 0x00, 0x00, 0x00, 0x00, 0x01, 0x00, 0x00, 0x00,
    0x00, 0x03, 0x00, 0x00, 0xff, 0xff, 0xff, 0xff, 0x00, 0x00, 0x00, 0x00, 0x00, 0x00, 0x00, 0x00,
    0x10, 0x00, 0x10, 0x00, 0x73, 0x74, 0x72, 0x66, 0x28, 0x00, 0x00, 0x00, 0x28, 0x00, 0x00, 0x00,
    0x10, 0x00, 0x00, 0x00, 0xf0, 0xff, 0xff, 0xff, 0x01, 0x00, 0x18, 0x00, 0x00, 0x00, 0x00, 0x00,
    0x00, 0x03, 0x00, 0x00, 0x00, 0x00, 0x00, 0x00, 0x00, 0x00, 0x00, 0x00, 0x00, 0x00, 0x00, 0x00,
    0x00, 0x00, 0x00, 0x00, 0x4a, 0x55, 0x4e, 0x4b, 0x18, 0x10, 0x00, 0x00, 0x04, 0x00, 0x00, 0x00,
    0x00, 0x00, 0x00, 0x00, 0x30, 0x30, 0x64, 0x63, 0x00, 0x00, 0x00, 0x00, 0x00, 0x00, 0x00, 0x00,
    0x00, 0x00, 0x00, 0x00, 0x00, 0x00, 0x00, 0x00, 0x00, 0x00, 0x00, 0x00, 0x00, 0x00, 0x00, 0x00,
    0x00, 0x00, 0x00, 0x00, 0x00, 0x00, 0x00, 0x00, 0x00, 0x00, 0x00, 0x00, 0x00, 0x00, 0x00, 0x00,
    0x00, 0x00, 0x00, 0x00, 0x00, 0x00, 0x00, 0x00, 0x00, 0x00, 0x00, 0x00, 0x00, 0x00, 0x00, 0x00,
    0x00, 0x00, 0x00, 0x00, 0x00, 0x00, 0x00, 0x00, 0x00, 0x00, 0x00, 0x00, 0x00, 0x00, 0x00, 0x00,
    0x00, 0x00, 0x00, 0x00, 0x00, 0x00, 0x00, 0x00, 0x00, 0x00, 0x00, 0x00, 0x00, 0x00, 0x00, 0x00,
    0x00, 0x00, 0x00, 0x00, 0x00, 0x00, 0x00, 0x00, 0x00, 0x00, 0x00, 0x00, 0x00, 0x00, 0x00, 0x00,
    0x00, 0x00, 0x00, 0x00, 0x00, 0x00, 0x00, 0x00, 0x00, 0x00, 0x00, 0x00, 0x00, 0x00, 0x00, 0x00,
    0x00, 0x00, 0x00, 0x00, 0x00, 0x00, 0x00, 0x00, 0x00, 0x00, 0x00, 0x00, 0x00, 0x00, 0x00, 0x00,
    0x00, 0x00, 0x00, 0x00, 0x00, 0x00, 0x00, 0x00, 0x00, 0x00, 0x00, 0x00, 0x00, 0x00, 0x00, 0x00,
    0x00, 0x00, 0x00, 0x00, 0x00, 0x00, 0x00, 0x00, 0x00, 0x00, 0x00, 0x00, 0x00, 0x00, 0x00, 0x00,
    0x00, 0x00, 0x00, 0x00, 0x00, 0x00, 0x00, 0x00, 0x00, 0x00, 0x00, 0x00, 0x00, 0x00, 0x00, 0x00,
    0x00, 0x00, 0x00, 0x00, 0x00, 0x00, 0x00, 0x00, 0x00, 0x00, 0x00, 0x00, 0x00, 0x00, 0x00, 0x00,
    0x00, 0x00, 0x00, 0x00, 0x00, 0x00, 0x00, 0x00, 0x00, 0x00, 0x00, 0x00, 0x00, 0x00, 0x00, 0x00,
    0x00, 0x00, 0x00, 0x00, 0x00, 0x00, 0x00, 0x00, 0x00, 0x00, 0x00, 0x00, 0x00, 0x00, 0x00, 0x00,
    0x00, 0x00, 0x00, 0x00, 0x00, 0x00, 0x00, 0x00, 0x00, 0x00, 0x00, 0x00, 0x00, 0x00, 0x00, 0x00,
    0x00, 0x00, 0x00, 0x00, 0x00, 0x00, 0x00, 0x00, 0x00, 0x00, 0x00, 0x00, 0x00, 0x00, 0x00, 0x00,
    0x00, 0x00, 0x00, 0x00, 0x00, 0x00, 0x00, 0x00, 0x00, 0x00, 0x00, 0x00, 0x00, 0x00, 0x00, 0x00,
    0x00, 0x00, 0x00, 0x00, 0x00, 0x00, 0x00, 0x00, 0x00, 0x00, 0x00, 0x00, 0x00, 0x00, 0x00, 0x00,
    0x00, 0x00, 0x00, 0x00, 0x00, 0x00, 0x00, 0x00, 0x00, 0x00, 0x00, 0x00, 0x00, 0x00, 0x00, 0x00,
    0x00, 0x00, 0x00, 0x00, 0x00, 0x00, 0x00, 0x00, 0x00, 0x00, 0x00, 0x00, 0x00, 0x00, 0x00, 0x00,
    0x00, 0x00, 0x00, 0x00, 0x00, 0x00, 0x00, 0x00, 0x00, 0x00, 0x00, 0x00, 0x00, 0x00, 0x00, 0x00,
    0x00, 0x00, 0x00, 0x00, 0x00, 0x00, 0x00, 0x00, 0x00, 0x00, 0x00, 0x00, 0x00, 0x00, 0x00, 0x00,
    0x00, 0x00, 0x00, 0x00, 0x00, 0x00, 0x00, 0x00, 0x00, 0x00, 0x00, 0x00, 0x00, 0x00, 0x00, 0x00,
    0x00, 0x00, 0x00, 0x00, 0x00, 0x00, 0x00, 0x00, 0x00, 0x00, 0x00, 0x00, 0x00, 0x00, 0x00, 0x00,
    0x00, 0x00, 0x00, 0x00, 0x00, 0x00, 0x00, 0x00, 0x00, 0x00, 0x00, 0x00, 0x00, 0x00, 0x00, 0x00,
    0x00, 0x00, 0x00, 0x00, 0x00, 0x00, 0x00, 0x00, 0x00, 0x00, 0x00, 0x00, 0x00, 0x00, 0x00, 0x00,
    0x00, 0x00, 0x00, 0x00, 0x00, 0x00, 0x00, 0x00, 0x00, 0x00, 0x00, 0x00, 0x00, 0x00, 0x00, 0x00,
    0x00, 0x00, 0x00, 0x00, 0x00, 0x00, 0x00, 0x00, 0x00, 0x00, 0x00, 0x00, 0x00, 0x00, 0x00, 0x00,
    0x00, 0x00, 0x00, 0x00, 0x00, 0x00, 0x00, 0x00, 0x00, 0x00, 0x00, 0x00, 0x00, 0x00, 0x00, 0x00,
    0x00, 0x00, 0x00, 0x00, 0x00, 0x00, 0x00, 0x00, 0x00, 0x00, 0x00, 0x00, 0x00, 0x00, 0x00, 0x00,
    0x00, 0x00, 0x00, 0x00, 0x00, 0x00, 0x00, 0x00, 0x00, 0x00, 0x00, 0x00, 0x00, 0x00, 0x00, 0x00,
    0x00, 0x00, 0x00, 0x00, 0x00, 0x00, 0x00, 0x00, 0x00, 0x00, 0x00, 0x00, 0x00, 0x00, 0x00, 0x00,
    0x00, 0x00, 0x00, 0x00, 0x00, 0x00, 0x00, 0x00, 0x00, 0x00, 0x00, 0x00, 0x00, 0x00, 0x00, 0x00,
    0x00, 0x00, 0x00, 0x00, 0x00, 0x00, 0x00, 0x00, 0x00, 0x00, 0x00, 0x00, 0x00, 0x00, 0x00, 0x00,
    0x00, 0x00, 0x00, 0x00, 0x00, 0x00, 0x00, 0x00, 0x00, 0x00, 0x00, 0x00, 0x00, 0x00, 0x00, 0x00,
    0x00, 0x00, 0x00, 0x00, 0x00, 0x00, 0x00, 0x00, 0x00, 0x00, 0x00, 0x00, 0x00, 0x00, 0x00, 0x00,
    0x00, 0x00, 0x00, 0x00, 0x00, 0x00, 0x00, 0x00, 0x00, 0x00, 0x00, 0x00, 0x00, 0x00, 0x00, 0x00,
    0x00, 0x00, 0x00, 0x00, 0x00, 0x00, 0x00, 0x00, 0x00, 0x00, 0x00, 0x00, 0x00, 0x00, 0x00, 0x00,
    0x00, 0x00, 0x00, 0x00, 0x00, 0x00, 0x00, 0x00, 0x00, 0x00, 0x00, 0x00, 0x00, 0x00, 0x00, 0x00,
    0x00, 0x00, 0x00, 0x00, 0x00, 0x00, 0x00, 0x00, 0x00, 0x00, 0x00, 0x00, 0x00, 0x00, 0x00, 0x00,
    0x00, 0x00, 0x00, 0x00, 0x00, 0x00, 0x00, 0x00, 0x00, 0x00, 0x00, 0x00, 0x00, 0x00, 0x00, 0x00,
    0x00, 0x00, 0x00, 0x00, 0x00, 0x00, 0x00, 0x00, 0x00, 0x00, 0x00, 0x00, 0x00, 0x00, 0x00, 0x00,
    0x00, 0x00, 0x00, 0x00, 0x00, 0x00, 0x00, 0x00, 0x00, 0x00, 0x00, 0x00, 0x00, 0x00, 0x00, 0x00,
    0x00, 0x00, 0x00, 0x00, 0x00, 0x00, 0x00, 0x00, 0x00, 0x00, 0x00, 0x00, 0x00, 0x00, 0x00, 0x00,
    0x00, 0x00, 0x00, 0x00, 0x00, 0x00, 0x00, 0x00, 0x00, 0x00, 0x00, 0x00, 0x00, 0x00, 0x00, 0x00,
    0x00, 0x00, 0x00, 0x00, 0x00, 0x00, 0x00, 0x00, 0x00, 0x00, 0x00, 0x00, 0x00, 0x00, 0x00, 0x00,
    0x00, 0x00, 0x00, 0x00, 0x00, 0x00, 0x00, 0x00, 0x00, 0x00, 0x00, 0x00, 0x00, 0x00, 0x00, 0x00,
    0x00, 0x00, 0x00, 0x00, 0x00, 0x00, 0x00, 0x00, 0x00, 0x00, 0x00, 0x00, 0x00, 0x00, 0x00, 0x00,
    0x00, 0x00, 0x00, 0x00, 0x00, 0x00, 0x00, 0x00, 0x00, 0x00, 0x00, 0x00, 0x00, 0x00, 0x00, 0x00,
    0x00, 0x00, 0x00, 0x00, 0x00, 0x00, 0x00, 0x00, 0x00, 0x00, 0x00, 0x00, 0x00, 0x00, 0x00, 0x00,
    0x00, 0x00, 0x00, 0x00, 0x00, 0x00, 0x00, 0x00, 0x00, 0x00, 0x00, 0x00, 0x00, 0x00, 0x00, 0x00,
    0x00, 0x00, 0x00, 0x00, 0x00, 0x00, 0x00, 0x00, 0x00, 0x00, 0x00, 0x00, 0x00, 0x00, 0x00, 0x00,
    0x00, 0x00, 0x00, 0x00, 0x00, 0x00, 0x00, 0x00, 0x00, 0x00, 0x00, 0x00, 0x00, 0x00, 0x00, 0x00,
    0x00, 0x00, 0x00, 0x00, 0x00, 0x00, 0x00, 0x00, 0x00, 0x00, 0x00, 0x00, 0x00, 0x00, 0x00, 0x00,
    0x00, 0x00, 0x00, 0x00, 0x00, 0x00, 0x00, 0x00, 0x00, 0x00, 0x00, 0x00, 0x00, 0x00, 0x00, 0x00,
    0x00, 0x00, 0x00, 0x00, 0x00, 0x00, 0x00, 0x00, 0x00, 0x00, 0x00, 0x00, 0x00, 0x00, 0x00, 0x00,
    0x00, 0x00, 0x00, 0x00, 0x00, 0x00, 0x00, 0x00, 0x00, 0x00, 0x00, 0x00, 0x00, 0x00, 0x00, 0x00,
    0x00, 0x00, 0x00, 0x00, 0x00, 0x00, 0x00, 0x00, 0x00, 0x00, 0x00, 0x00, 0x00, 0x00, 0x00, 0x00,
    0x00, 0x00, 0x00, 0x00, 0x00, 0x00, 0x00, 0x00, 0x00, 0x00, 0x00, 0x00, 0x00, 0x00, 0x00, 0x00,
    0x00, 0x00, 0x00, 0x00, 0x00, 0x00, 0x00, 0x00, 0x00, 0x00, 0x00, 0x00, 0x00, 0x00, 0x00, 0x00,
    0x00, 0x00, 0x00, 0x00, 0x00, 0x00, 0x00, 0x00, 0x00, 0x00, 0x00, 0x00, 0x00, 0x00, 0x00, 0x00,
    0x00, 0x00, 0x00, 0x00, 0x00, 0x00, 0x00, 0x00, 0x00, 0x00, 0x00, 0x00, 0x00, 0x00, 0x00, 0x00,
    0x00, 0x00, 0x00, 0x00, 0x00, 0x00, 0x00, 0x00, 0x00, 0x00, 0x00, 0x00, 0x00, 0x00, 0x00, 0x00,
    0x00, 0x00, 0x00, 0x00, 0x00, 0x00, 0x00, 0x00, 0x00, 0x00, 0x00, 0x00, 0x00, 0x00, 0x00, 0x00,
    0x00, 0x00, 0x00, 0x00, 0x00, 0x00, 0x00, 0x00, 0x00, 0x00, 0x00, 0x00, 0x00, 0x00, 0x00, 0x00,
    0x00, 0x00, 0x00, 0x00, 0x00, 0x00, 0x00, 0x00, 0x00, 0x00, 0x00, 0x00, 0x00, 0x00, 0x00, 0x00,
    0x00, 0x00, 0x00, 0x00, 0x00, 0x00, 0x00, 0x00, 0x00, 0x00, 0x00, 0x00, 0x00, 0x00, 0x00, 0x00,
    0x00, 0x00, 0x00, 0x00, 0x00, 0x00, 0x00, 0x00, 0x00, 0x00, 0x00, 0x00, 0x00, 0x00, 0x00, 0x00,
    0x00, 0x00, 0x00, 0x00, 0x00, 0x00, 0x00, 0x00, 0x00, 0x00, 0x00, 0x00, 0x00, 0x00, 0x00, 0x00,
    0x00, 0x00, 0x00, 0x00, 0x00, 0x00, 0x00, 0x00, 0x00, 0x00, 0x00, 0x00, 0x00, 0x00, 0x00, 0x00,
    0x00, 0x00, 0x00, 0x00, 0x00, 0x00, 0x00, 0x00, 0x00, 0x00, 0x00, 0x00, 0x00, 0x00, 0x00, 0x00,
    0x00, 0x00, 0x00, 0x00, 0x00, 0x00, 0x00, 0x00, 0x00, 0x00, 0x00, 0x00, 0x00, 0x00, 0x00, 0x00,
    0x00, 0x00, 0x00, 0x00, 0x00, 0x00, 0x00, 0x00, 0x00, 0x00, 0x00, 0x00, 0x00, 0x00, 0x00, 0x00,
    0x00, 0x00, 0x00, 0x00, 0x00, 0x00, 0x00, 0x00, 0x00, 0x00, 0x00, 0x00, 0x00, 0x00, 0x00, 0x00,
    0x00, 0x00, 0x00, 0x00, 0x00, 0x00, 0x00, 0x00, 0x00, 0x00, 0x00, 0x00, 0x00, 0x00, 0x00, 0x00,
    0x00, 0x00, 0x00, 0x00, 0x00, 0x00, 0x00, 0x00, 0x00, 0x00, 0x00, 0x00, 0x00, 0x00, 0x00, 0x00,
    0x00, 0x00, 0x00, 0x00, 0x00, 0x00, 0x00, 0x00, 0x00, 0x00, 0x00, 0x00, 0x00, 0x00, 0x00, 0x00,
    0x00, 0x00, 0x00, 0x00, 0x00, 0x00, 0x00, 0x00, 0x00, 0x00, 0x00, 0x00, 0x00, 0x00, 0x00, 0x00,
    0x00, 0x00, 0x00, 0x00, 0x00, 0x00, 0x00, 0x00, 0x00, 0x00, 0x00, 0x00, 0x00, 0x00, 0x00, 0x00,
    0x00, 0x00, 0x00, 0x00, 0x00, 0x00, 0x00, 0x00, 0x00, 0x00, 0x00, 0x00, 0x00, 0x00, 0x00, 0x00,
    0x00, 0x00, 0x00, 0x00, 0x00, 0x00, 0x00, 0x00, 0x00, 0x00, 0x00, 0x00, 0x00, 0x00, 0x00, 0x00,
    0x00, 0x00, 0x00, 0x00, 0x00, 0x00, 0x00, 0x00, 0x00, 0x00, 0x00, 0x00, 0x00, 0x00, 0x00, 0x00,
    0x00, 0x00, 0x00, 0x00, 0x00, 0x00, 0x00, 0x00, 0x00, 0x00, 0x00, 0x00, 0x00, 0x00, 0x00, 0x00,
    0x00, 0x00, 0x00, 0x00, 0x00, 0x00, 0x00, 0x00, 0x00, 0x00, 0x00, 0x00, 0x00, 0x00, 0x00, 0x00,
    0x00, 0x00, 0x00, 0x00, 0x00, 0x00, 0x00, 0x00, 0x00, 0x00, 0x00, 0x00, 0x00, 0x00, 0x00, 0x00,
    0x00, 0x00, 0x00, 0x00, 0x00, 0x00, 0x00, 0x00, 0x00, 0x00, 0x00, 0x00, 0x00, 0x00, 0x00, 0x00,
    0x00, 0x00, 0x00, 0x00, 0x00, 0x00, 0x00, 0x00, 0x00, 0x00, 0x00, 0x00, 0x00, 0x00, 0x00, 0x00,
    0x00, 0x00, 0x00, 0x00, 0x00, 0x00, 0x00, 0x00, 0x00, 0x00, 0x00, 0x00, 0x00, 0x00, 0x00, 0x00,
    0x00, 0x00, 0x00, 0x00, 0x00, 0x00, 0x00, 0x00, 0x00, 0x00, 0x00, 0x00, 0x00, 0x00, 0x00, 0x00,
    0x00, 0x00, 0x00, 0x00, 0x00, 0x00, 0x00, 0x00, 0x00, 0x00, 0x00, 0x00, 0x00, 0x00, 0x00, 0x00,
    0x00, 0x00, 0x00, 0x00, 0x00, 0x00, 0x00, 0x00, 0x00, 0x00, 0x00, 0x00, 0x00, 0x00, 0x00, 0x00,
    0x00, 0x00, 0x00, 0x00, 0x00, 0x00, 0x00, 0x00, 0x00, 0x00, 0x00, 0x00, 0x00, 0x00, 0x00, 0x00,
    0x00, 0x00, 0x00, 0x00, 0x00, 0x00, 0x00, 0x00, 0x00, 0x00, 0x00, 0x00, 0x00, 0x00, 0x00, 0x00,
    0x00, 0x00, 0x00, 0x00, 0x00, 0x00, 0x00, 0x00, 0x00, 0x00, 0x00, 0x00, 0x00, 0x00, 0x00, 0x00,
    0x00, 0x00, 0x00, 0x00, 0x00, 0x00, 0x00, 0x00, 0x00, 0x00, 0x00, 0x00, 0x00, 0x00, 0x00, 0x00,
    0x00, 0x00, 0x00, 0x00, 0x00, 0x00, 0x00, 0x00, 0x00, 0x00, 0x00, 0x00, 0x00, 0x00, 0x00, 0x00,
    0x00, 0x00, 0x00, 0x00, 0x00, 0x00, 0x00, 0x00, 0x00, 0x00, 0x00, 0x00, 0x00, 0x00, 0x00, 0x00,
    0x00, 0x00, 0x00, 0x00, 0x00, 0x00, 0x00, 0x00, 0x00, 0x00, 0x00, 0x00, 0x00, 0x00, 0x00, 0x00,
    0x00, 0x00, 0x00, 0x00, 0x00, 0x00, 0x00, 0x00, 0x00, 0x00, 0x00, 0x00, 0x00, 0x00, 0x00, 0x00,
    0x00, 0x00, 0x00, 0x00, 0x00, 0x00, 0x00, 0x00, 0x00, 0x00, 0x00, 0x00, 0x00, 0x00, 0x00, 0x00,
    0x00, 0x00, 0x00, 0x00, 0x00, 0x00, 0x00, 0x00, 0x00, 0x00, 0x00, 0x00, 0x00, 0x00, 0x00, 0x00,
    0x00, 0x00, 0x00, 0x00, 0x00, 0x00, 0x00, 0x00, 0x00, 0x00, 0x00, 0x00, 0x00, 0x00, 0x00, 0x00,
    0x00, 0x00, 0x00, 0x00, 0x00, 0x00, 0x00, 0x00, 0x00, 0x00, 0x00, 0x00, 0x00, 0x00, 0x00, 0x00,
    0x00, 0x00, 0x00, 0x00, 0x00, 0x00, 0x00, 0x00, 0x00, 0x00, 0x00, 0x00, 0x00, 0x00, 0x00, 0x00,
    0x00, 0x00, 0x00, 0x00, 0x00, 0x00, 0x00, 0x00, 0x00, 0x00, 0x00, 0x00, 0x00, 0x00, 0x00, 0x00,
    0x00, 0x00, 0x00, 0x00, 0x00, 0x00, 0x00, 0x00, 0x00, 0x00, 0x00, 0x00, 0x00, 0x00, 0x00, 0x00,
    0x00, 0x00, 0x00, 0x00, 0x00, 0x00, 0x00, 0x00, 0x00, 0x00, 0x00, 0x00, 0x00, 0x00, 0x00, 0x00,
    0x00, 0x00, 0x00, 0x00, 0x00, 0x00, 0x00, 0x00, 0x00, 0x00, 0x00, 0x00, 0x00, 0x00, 0x00, 0x00,
    0x00, 0x00, 0x00, 0x00, 0x00, 0x00, 0x00, 0x00, 0x00, 0x00, 0x00, 0x00, 0x00, 0x00, 0x00, 0x00,
    0x00, 0x00, 0x00, 0x00, 0x00, 0x00, 0x00, 0x00, 0x00, 0x00, 0x00, 0x00, 0x00, 0x00, 0x00, 0x00,
    0x00, 0x00, 0x00, 0x00, 0x00, 0x00, 0x00, 0x00, 0x00, 0x00, 0x00, 0x00, 0x00, 0x00, 0x00, 0x00,
    0x00, 0x00, 0x00, 0x00, 0x00, 0x00, 0x00, 0x00, 0x00, 0x00, 0x00, 0x00, 0x00, 0x00, 0x00, 0x00,
    0x00, 0x00, 0x00, 0x00, 0x00, 0x00, 0x00, 0x00, 0x00, 0x00, 0x00, 0x00, 0x00, 0x00, 0x00, 0x00,
    0x00, 0x00, 0x00, 0x00, 0x00, 0x00, 0x00, 0x00, 0x00, 0x00, 0x00, 0x00, 0x00, 0x00, 0x00, 0x00,
    0x00, 0x00, 0x00, 0x00, 0x00, 0x00, 0x00, 0x00, 0x00, 0x00, 0x00, 0x00, 0x00, 0x00, 0x00, 0x00,
    0x00, 0x00, 0x00, 0x00, 0x00, 0x00, 0x00, 0x00, 0x00, 0x00, 0x00, 0x00, 0x00, 0x00, 0x00, 0x00,
    0x00, 0x00, 0x00, 0x00, 0x00, 0x00, 0x00, 0x00, 0x00, 0x00, 0x00, 0x00, 0x00, 0x00, 0x00, 0x00,
    0x00, 0x00, 0x00, 0x00, 0x00, 0x00, 0x00, 0x00, 0x00, 0x00, 0x00, 0x00, 0x00, 0x00, 0x00, 0x00,
    0x00, 0x00, 0x00, 0x00, 0x00, 0x00, 0x00, 0x00, 0x00, 0x00, 0x00, 0x00, 0x00, 0x00, 0x00, 0x00,
    0x00, 0x00, 0x00, 0x00, 0x00, 0x00, 0x00, 0x00, 0x00, 0x00, 0x00, 0x00, 0x00, 0x00, 0x00, 0x00,
    0x00, 0x00, 0x00, 0x00, 0x00, 0x00, 0x00, 0x00, 0x00, 0x00, 0x00, 0x00, 0x00, 0x00, 0x00, 0x00,
    0x00, 0x00, 0x00, 0x00, 0x00, 0x00, 0x00, 0x00, 0x00, 0x00, 0x00, 0x00, 0x00, 0x00, 0x00, 0x00,
    0x00, 0x00, 0x00, 0x00, 0x00, 0x00, 0x00, 0x00, 0x00, 0x00, 0x00, 0x00, 0x00, 0x00, 0x00, 0x00,
    0x00, 0x00, 0x00, 0x00, 0x00, 0x00, 0x00, 0x00, 0x00, 0x00, 0x00, 0x00, 0x00, 0x00, 0x00, 0x00,
    0x00, 0x00, 0x00, 0x00, 0x00, 0x00, 0x00, 0x00, 0x00, 0x00, 0x00, 0x00, 0x00, 0x00, 0x00, 0x00,
    0x00, 0x00, 0x00, 0x00, 0x00, 0x00, 0x00, 0x00, 0x00, 0x00, 0x00, 0x00, 0x00, 0x00, 0x00, 0x00,
    0x00, 0x00, 0x00, 0x00, 0x00, 0x00, 0x00, 0x00, 0x00, 0x00, 0x00, 0x00, 0x00, 0x00, 0x00, 0x00,
    0x00, 0x00, 0x00, 0x00, 0x00, 0x00, 0x00, 0x00, 0x00, 0x00, 0x00, 0x00, 0x00, 0x00, 0x00, 0x00,
    0x00, 0x00, 0x00, 0x00, 0x00, 0x00, 0x00, 0x00, 0x00, 0x00, 0x00, 0x00, 0x00, 0x00, 0x00, 0x00,
    0x00, 0x00, 0x00, 0x00, 0x00, 0x00, 0x00, 0x00, 0x00, 0x00, 0x00, 0x00, 0x00, 0x00, 0x00, 0x00,
    0x00, 0x00, 0x00, 0x00, 0x00, 0x00, 0x00, 0x00, 0x00, 0x00, 0x00, 0x00, 0x00, 0x00, 0x00, 0x00,
    0x00, 0x00, 0x00, 0x00, 0x00, 0x00, 0x00, 0x00, 0x00, 0x00, 0x00, 0x00, 0x00, 0x00, 0x00, 0x00,
    0x00, 0x00, 0x00, 0x00, 0x00, 0x00, 0x00, 0x00, 0x00, 0x00, 0x00, 0x00, 0x00, 0x00, 0x00, 0x00,
    0x00, 0x00, 0x00, 0x00, 0x00, 0x00, 0x00, 0x00, 0x00, 0x00, 0x00, 0x00, 0x00, 0x00, 0x00, 0x00,
    0x00, 0x00, 0x00, 0x00, 0x00, 0x00, 0x00, 0x00, 0x00, 0x00, 0x00, 0x00, 0x00, 0x00, 0x00, 0x00,
    0x00, 0x00, 0x00, 0x00, 0x00, 0x00, 0x00, 0x00, 0x00, 0x00, 0x00, 0x00, 0x00, 0x00, 0x00, 0x00,
    0x00, 0x00, 0x00, 0x00, 0x00, 0x00, 0x00, 0x00, 0x00, 0x00, 0x00, 0x00, 0x00, 0x00, 0x00, 0x00,
    0x00, 0x00, 0x00, 0x00, 0x00, 0x00, 0x00, 0x00, 0x00, 0x00, 0x00, 0x00, 0x00, 0x00, 0x00, 0x00,
    0x00, 0x00, 0x00, 0x00, 0x00, 0x00, 0x00, 0x00, 0x00, 0x00, 0x00, 0x00, 0x00, 0x00, 0x00, 0x00,
    0x00, 0x00, 0x00, 0x00, 0x00, 0x00, 0x00, 0x00, 0x00, 0x00, 0x00, 0x00, 0x00, 0x00, 0x00, 0x00,
    0x00, 0x00, 0x00, 0x00, 0x00, 0x00, 0x00, 0x00, 0x00, 0x00, 0x00, 0x00, 0x00, 0x00, 0x00, 0x00,
    0x00, 0x00, 0x00, 0x00, 0x00, 0x00, 0x00, 0x00, 0x00, 0x00, 0x00, 0x00, 0x00, 0x00, 0x00, 0x00,
    0x00, 0x00, 0x00, 0x00, 0x00, 0x00, 0x00, 0x00, 0x00, 0x00, 0x00, 0x00, 0x00, 0x00, 0x00, 0x00,
    0x00, 0x00, 0x00, 0x00, 0x00, 0x00, 0x00, 0x00, 0x00, 0x00, 0x00, 0x00, 0x00, 0x00, 0x00, 0x00,
    0x00, 0x00, 0x00, 0x00, 0x00, 0x00, 0x00, 0x00, 0x00, 0x00, 0x00, 0x00, 0x00, 0x00, 0x00, 0x00,
    0x00, 0x00, 0x00, 0x00, 0x00, 0x00, 0x00, 0x00, 0x00, 0x00, 0x00, 0x00, 0x00, 0x00, 0x00, 0x00,
    0x00, 0x00, 0x00, 0x00, 0x00, 0x00, 0x00, 0x00, 0x00, 0x00, 0x00, 0x00, 0x00, 0x00, 0x00, 0x00,
    0x00, 0x00, 0x00, 0x00, 0x00, 0x00, 0x00, 0x00, 0x00, 0x00, 0x00, 0x00, 0x00, 0x00, 0x00, 0x00,
    0x00, 0x00, 0x00, 0x00, 0x00, 0x00, 0x00, 0x00, 0x00, 0x00, 0x00, 0x00, 0x00, 0x00, 0x00, 0x00,
    0x00, 0x00, 0x00, 0x00, 0x00, 0x00, 0x00, 0x00, 0x00, 0x00, 0x00, 0x00, 0x00, 0x00, 0x00, 0x00,
    0x00, 0x00, 0x00, 0x00, 0x00, 0x00, 0x00, 0x00, 0x00, 0x00, 0x00, 0x00, 0x00, 0x00, 0x00, 0x00,
    0x00, 0x00, 0x00, 0x00, 0x00, 0x00, 0x00, 0x00, 0x00, 0x00, 0x00, 0x00, 0x00, 0x00, 0x00, 0x00,
    0x00, 0x00, 0x00, 0x00, 0x00, 0x00, 0x00, 0x00, 0x00, 0x00, 0x00, 0x00, 0x00, 0x00, 0x00, 0x00,
    0x00, 0x00, 0x00, 0x00, 0x00, 0x00, 0x00, 0x00, 0x00, 0x00, 0x00, 0x00, 0x00, 0x00, 0x00, 0x00,
    0x00, 0x00, 0x00, 0x00, 0x00, 0x00, 0x00, 0x00, 0x00, 0x00, 0x00, 0x00, 0x00, 0x00, 0x00, 0x00,
    0x00, 0x00, 0x00, 0x00, 0x00, 0x00, 0x00, 0x00, 0x00, 0x00, 0x00, 0x00, 0x00, 0x00, 0x00, 0x00,
    0x00, 0x00, 0x00, 0x00, 0x00, 0x00, 0x00, 0x00, 0x00, 0x00, 0x00, 0x00, 0x00, 0x00, 0x00, 0x00,
    0x00, 0x00, 0x00, 0x00, 0x00, 0x00, 0x00, 0x00, 0x00, 0x00, 0x00, 0x00, 0x00, 0x00, 0x00, 0x00,
    0x00, 0x00, 0x00, 0x00, 0x00, 0x00, 0x00, 0x00, 0x00, 0x00, 0x00, 0x00, 0x00, 0x00, 0x00, 0x00,
    0x00, 0x00, 0x00, 0x00, 0x00, 0x00, 0x00, 0x00, 0x00, 0x00, 0x00, 0x00, 0x00, 0x00, 0x00, 0x00,
    0x00, 0x00, 0x00, 0x00, 0x00, 0x00, 0x00, 0x00, 0x00, 0x00, 0x00, 0x00, 0x00, 0x00, 0x00, 0x00,
    0x00, 0x00, 0x00, 0x00, 0x00, 0x00, 0x00, 0x00, 0x00, 0x00, 0x00, 0x00, 0x00, 0x00, 0x00, 0x00,
    0x00, 0x00, 0x00, 0x00, 0x00, 0x00, 0x00, 0x00, 0x00, 0x00, 0x00, 0x00, 0x00, 0x00, 0x00, 0x00,
    0x00, 0x00, 0x00, 0x00, 0x00, 0x00, 0x00, 0x00, 0x00, 0x00, 0x00, 0x00, 0x00, 0x00, 0x00, 0x00,
    0x00, 0x00, 0x00, 0x00, 0x00, 0x00, 0x00, 0x00, 0x00, 0x00, 0x00, 0x00, 0x00, 0x00, 0x00, 0x00,
    0x00, 0x00, 0x00, 0x00, 0x00, 0x00, 0x00, 0x00, 0x00, 0x00, 0x00, 0x00, 0x00, 0x00, 0x00, 0x00,
    0x00, 0x00, 0x00, 0x00, 0x00, 0x00, 0x00, 0x00, 0x00, 0x00, 0x00, 0x00, 0x00, 0x00, 0x00, 0x00,
    0x00, 0x00, 0x00, 0x00, 0x00, 0x00, 0x00, 0x00, 0x00, 0x00, 0x00, 0x00, 0x00, 0x00, 0x00, 0x00,
    0x00, 0x00, 0x00, 0x00, 0x00, 0x00, 0x00, 0x00, 0x00, 0x00, 0x00, 0x00, 0x00, 0x00, 0x00, 0x00,
    0x00, 0x00, 0x00, 0x00, 0x00, 0x00, 0x00, 0x00, 0x00, 0x00, 0x00, 0x00, 0x00, 0x00, 0x00, 0x00,
    0x00, 0x00, 0x00, 0x00, 0x00, 0x00, 0x00, 0x00, 0x00, 0x00, 0x00, 0x00, 0x00, 0x00, 0x00, 0x00,
    0x00, 0x00, 0x00, 0x00, 0x00, 0x00, 0x00, 0x00, 0x00, 0x00, 0x00, 0x00, 0x00, 0x00, 0x00, 0x00,
    0x00, 0x00, 0x00, 0x00, 0x00, 0x00, 0x00, 0x00, 0x00, 0x00, 0x00, 0x00, 0x00, 0x00, 0x00, 0x00,
    0x00, 0x00, 0x00, 0x00, 0x00, 0x00, 0x00, 0x00, 0x00, 0x00, 0x00, 0x00, 0x00, 0x00, 0x00, 0x00,
    0x00, 0x00, 0x00, 0x00, 0x00, 0x00, 0x00, 0x00, 0x00, 0x00, 0x00, 0x00, 0x00, 0x00, 0x00, 0x00,
    0x00, 0x00, 0x00, 0x00, 0x00, 0x00, 0x00, 0x00, 0x00, 0x00, 0x00, 0x00, 0x00, 0x00, 0x00, 0x00,
    0x00, 0x00, 0x00, 0x00, 0x00, 0x00, 0x00, 0x00, 0x00, 0x00, 0x00, 0x00, 0x00, 0x00, 0x00, 0x00,
    0x00, 0x00, 0x00, 0x00, 0x00, 0x00, 0x00, 0x00, 0x00, 0x00, 0x00, 0x00, 0x00, 0x00, 0x00, 0x00,
    0x00, 0x00, 0x00, 0x00, 0x00, 0x00, 0x00, 0x00, 0x00, 0x00, 0x00, 0x00, 0x00, 0x00, 0x00, 0x00,
    0x00, 0x00, 0x00, 0x00, 0x00, 0x00, 0x00, 0x00, 0x00, 0x00, 0x00, 0x00, 0x00, 0x00, 0x00, 0x00,
    0x00, 0x00, 0x00, 0x00, 0x00, 0x00, 0x00, 0x00, 0x00, 0x00, 0x00, 0x00, 0x00, 0x00, 0x00, 0x00,
    0x00, 0x00, 0x00, 0x00, 0x00, 0x00, 0x00, 0x00, 0x00, 0x00, 0x00, 0x00, 0x00, 0x00, 0x00, 0x00,
    0x00, 0x00, 0x00, 0x00, 0x00, 0x00, 0x00, 0x00, 0x00, 0x00, 0x00, 0x00, 0x00, 0x00, 0x00, 0x00,
    0x00, 0x00, 0x00, 0x00, 0x00, 0x00, 0x00, 0x00, 0x00, 0x00, 0x00, 0x00, 0x00, 0x00, 0x00, 0x00,
    0x00, 0x00, 0x00, 0x00, 0x00, 0x00, 0x00, 0x00, 0x00, 0x00, 0x00, 0x00, 0x00, 0x00, 0x00, 0x00,
    0x00, 0x00, 0x00, 0x00, 0x00, 0x00, 0x00, 0x00, 0x00, 0x00, 0x00, 0x00, 0x00, 0x00, 0x00, 0x00,
    0x00, 0x00, 0x00, 0x00, 0x00, 0x00, 0x00, 0x00, 0x00, 0x00, 0x00, 0x00, 0x00, 0x00, 0x00, 0x00,
    0x00, 0x00, 0x00, 0x00, 0x00, 0x00, 0x00, 0x00, 0x00, 0x00, 0x00, 0x00, 0x00, 0x00, 0x00, 0x00,
    0x00, 0x00, 0x00, 0x00, 0x00, 0x00, 0x00, 0x00, 0x00, 0x00, 0x00, 0x00, 0x00, 0x00, 0x00, 0x00,
    0x00, 0x00, 0x00, 0x00, 0x00, 0x00, 0x00, 0x00, 0x00, 0x00, 0x00, 0x00, 0x00, 0x00, 0x00, 0x00,
    0x00, 0x00, 0x00, 0x00, 0x00, 0x00, 0x00, 0x00, 0x00, 0x00, 0x00, 0x00, 0x00, 0x00, 0x00, 0x00,
    0x00, 0x00, 0x00, 0x00, 0x00, 0x00, 0x00, 0x00, 0x00, 0x00, 0x00, 0x00, 0x00, 0x00, 0x00, 0x00,
    0x00, 0x00, 0x00, 0x00, 0x00, 0x00, 0x00, 0x00, 0x00, 0x00, 0x00, 0x00, 0x00, 0x00, 0x00, 0x00,
    0x00, 0x00, 0x00, 0x00, 0x00, 0x00, 0x00, 0x00, 0x00, 0x00, 0x00, 0x00, 0x00, 0x00, 0x00, 0x00,
    0x00, 0x00, 0x00, 0x00, 0x00, 0x00, 0x00, 0x00, 0x00, 0x00, 0x00, 0x00, 0x00, 0x00, 0x00, 0x00,
    0x00, 0x00, 0x00, 0x00, 0x00, 0x00, 0x00, 0x00, 0x00, 0x00, 0x00, 0x00, 0x00, 0x00, 0x00, 0x00,
    0x00, 0x00, 0x00, 0x00, 0x00, 0x00, 0x00, 0x00, 0x00, 0x00, 0x00, 0x00, 0x00, 0x00, 0x00, 0x00,
    0x00, 0x00, 0x00, 0x00, 0x00, 0x00, 0x00, 0x00, 0x00, 0x00, 0x00, 0x00, 0x00, 0x00, 0x00, 0x00,
    0x00, 0x00, 0x00, 0x00, 0x00, 0x00, 0x00, 0x00, 0x00, 0x00, 0x00, 0x00, 0x00, 0x00, 0x00, 0x00,
    0x00, 0x00, 0x00, 0x00, 0x00, 0x00, 0x00, 0x00, 0x00, 0x00, 0x00, 0x00, 0x00, 0x00, 0x00, 0x00,
    0x00, 0x00, 0x00, 0x00, 0x00, 0x00, 0x00, 0x00, 0x00, 0x00, 0x00, 0x00, 0x00, 0x00, 0x00, 0x00,
    0x00, 0x00, 0x00, 0x00, 0x00, 0x00, 0x00, 0x00, 0x00, 0x00, 0x00, 0x00, 0x00, 0x00, 0x00, 0x00,
    0x00, 0x00, 0x00, 0x00, 0x00, 0x00, 0x00, 0x00, 0x00, 0x00, 0x00, 0x00, 0x00, 0x00, 0x00, 0x00,
    0x00, 0x00, 0x00, 0x00, 0x00, 0x00, 0x00, 0x00, 0x00, 0x00, 0x00, 0x00, 0x00, 0x00, 0x00, 0x00,
    0x00, 0x00, 0x00, 0x00, 0x00, 0x00, 0x00, 0x00, 0x00, 0x00, 0x00, 0x00, 0x00, 0x00, 0x00, 0x00,
    0x00, 0x00, 0x00, 0x00, 0x00, 0x00, 0x00, 0x00, 0x00, 0x00, 0x00, 0x00, 0x00, 0x00, 0x00, 0x00,
    0x00, 0x00, 0x00, 0x00, 0x00, 0x00, 0x00, 0x00, 0x00, 0x00, 0x00, 0x00, 0x00, 0x00, 0x00, 0x00,
    0x00, 0x00, 0x00, 0x00, 0x00, 0x00, 0x00, 0x00, 0x00, 0x00, 0x00, 0x00, 0x00, 0x00, 0x00, 0x00,
    0x00, 0x00, 0x00, 0x00, 0x00, 0x00, 0x00, 0x00, 0x00, 0x00, 0x00, 0x00, 0x00, 0x00, 0x00, 0x00,
    0x00, 0x00, 0x00, 0x00, 0x00, 0x00, 0x00, 0x00, 0x00, 0x00, 0x00, 0x00, 0x00, 0x00, 0x00, 0x00,
    0x00, 0x00, 0x00, 0x00, 0x00, 0x00, 0x00, 0x00, 0x00, 0x00, 0x00, 0x00, 0x00, 0x00, 0x00, 0x00,
    0x00, 0x00, 0x00, 0x00, 0x00, 0x00, 0x00, 0x00, 0x00, 0x00, 0x00, 0x00, 0x00, 0x00, 0x00, 0x00,
    0x00, 0x00, 0x00, 0x00, 0x00, 0x00, 0x00, 0x00, 0x00, 0x00, 0x00, 0x00, 0x00, 0x00, 0x00, 0x00,
    0x00, 0x00, 0x00, 0x00, 0x00, 0x00, 0x00, 0x00, 0x00, 0x00, 0x00, 0x00, 0x00, 0x00, 0x00, 0x00,
    0x00, 0x00, 0x00, 0x00, 0x00, 0x00, 0x00, 0x00, 0x00, 0x00, 0x00, 0x00, 0x00, 0x00, 0x00, 0x00,
    0x00, 0x00, 0x00, 0x00, 0x00, 0x00, 0x00, 0x00, 0x00, 0x00, 0x00, 0x00, 0x00, 0x00, 0x00, 0x00,
    0x00, 0x00, 0x00, 0x00, 0x00, 0x00, 0x00, 0x00, 0x00, 0x00, 0x00, 0x00, 0x00, 0x00, 0x00, 0x00,
    0x00, 0x00, 0x00, 0x00, 0x00, 0x00, 0x00, 0x00, 0x00, 0x00, 0x00, 0x00, 0x00, 0x00, 0x00, 0x00,
    0x00, 0x00, 0x00, 0x00, 0x00, 0x00, 0x00, 0x00, 0x00, 0x00, 0x00, 0x00, 0x00, 0x00, 0x00, 0x00,
    0x00, 0x00, 0x00, 0x00, 0x00, 0x00, 0x00, 0x00, 0x00, 0x00, 0x00, 0x00, 0x00, 0x00, 0x00, 0x00,
    0x00, 0x00, 0x00, 0x00, 0x00, 0x00, 0x00, 0x00, 0x00, 0x00, 0x00, 0x00, 0x00, 0x00, 0x00, 0x00,
    0x00, 0x00, 0x00, 0x00, 0x00, 0x00, 0x00, 0x00, 0x00, 0x00, 0x00, 0x00, 0x00, 0x00, 0x00, 0x00,
    0x00, 0x00, 0x00, 0x00, 0x00, 0x00, 0x00, 0x00, 0x00, 0x00, 0x00, 0x00, 0x00, 0x00, 0x00, 0x00,
    0x00, 0x00, 0x00, 0x00, 0x00, 0x00, 0x00, 0x00, 0x00, 0x00, 0x00, 0x00, 0x00, 0x00, 0x00, 0x00,
    0x00, 0x00, 0x00, 0x00, 0x00, 0x00, 0x00, 0x00, 0x00, 0x00, 0x00, 0x00, 0x00, 0x00, 0x00, 0x00,
    0x00, 0x00, 0x00, 0x00, 0x00, 0x00, 0x00, 0x00, 0x00, 0x00, 0x00, 0x00, 0x00, 0x00, 0x00, 0x00,
    0x00, 0x00, 0x00, 0x00, 0x00, 0x00, 0x00, 0x00, 0x00, 0x00, 0x00, 0x00, 0x00, 0x00, 0x00, 0x00,
    0x00, 0x00, 0x00, 0x00, 0x00, 0x00, 0x00, 0x00, 0x00, 0x00, 0x00, 0x00, 0x00, 0x00, 0x00, 0x00,
    0x00, 0x00, 0x00, 0x00, 0x00, 0x00, 0x00, 0x00, 0x00, 0x00, 0x00, 0x00, 0x00, 0x00, 0x00, 0x00,
    0x00, 0x00, 0x00, 0x00, 0x00, 0x00, 0x00, 0x00, 0x00, 0x00, 0x00, 0x00, 0x00, 0x00, 0x00, 0x00,
    0x00, 0x00, 0x00, 0x00, 0x00, 0x00, 0x00, 0x00, 0x00, 0x00, 0x00, 0x00, 0x00, 0x00, 0x00, 0x00,
    0x00, 0x00, 0x00, 0x00, 0x00, 0x00, 0x00, 0x00, 0x00, 0x00, 0x00, 0x00, 0x00, 0x00, 0x00, 0x00,
    0x00, 0x00, 0x00, 0x00, 0x00, 0x00, 0x00, 0x00, 0x00, 0x00, 0x00, 0x00, 0x00, 0x00, 0x00, 0x00,
    0x00, 0x00, 0x00, 0x00, 0x00, 0x00, 0x00, 0x00, 0x00, 0x00, 0x00, 0x00, 0x00, 0x00, 0x00, 0x00,
    0x00, 0x00, 0x00, 0x00, 0x00, 0x00, 0x00, 0x00, 0x00, 0x00, 0x00, 0x00, 0x00, 0x00, 0x00, 0x00,
    0x00, 0x00, 0x00, 0x00, 0x00, 0x00, 0x00, 0x00, 0x00, 0x00, 0x00, 0x00, 0x00, 0x00, 0x00, 0x00,
    0x00, 0x00, 0x00, 0x00, 0x00, 0x00, 0x00, 0x00, 0x00, 0x00, 0x00, 0x00, 0x00, 0x00, 0x00, 0x00,
    0x00, 0x00, 0x00, 0x00, 0x00, 0x00, 0x00, 0x00, 0x00, 0x00, 0x00, 0x00, 0x00, 0x00, 0x00, 0x00,
    0x00, 0x00, 0x00, 0x00, 0x00, 0x00, 0x00, 0x00, 0x00, 0x00, 0x00, 0x00, 0x00, 0x00, 0x00, 0x00,
    0x00, 0x00, 0x00, 0x00, 0x00, 0x00, 0x00, 0x00, 0x00, 0x00, 0x00, 0x00, 0x00, 0x00, 0x00, 0x00,
    0x00, 0x00, 0x00, 0x00, 0x00, 0x00, 0x00, 0x00, 0x00, 0x00, 0x00, 0x00, 0x00, 0x00, 0x00, 0x00,
    0x00, 0x00, 0x00, 0x00, 0x00, 0x00, 0x00, 0x00, 0x00, 0x00, 0x00, 0x00, 0x00, 0x00, 0x00, 0x00,
    0x00, 0x00, 0x00, 0x00, 0x00, 0x00, 0x00, 0x00, 0x00, 0x00, 0x00, 0x00, 0x00, 0x00, 0x00, 0x00,
    0x00, 0x00, 0x00, 0x00, 0x00, 0x00, 0x00, 0x00, 0x00, 0x00, 0x00, 0x00, 0x00, 0x00, 0x00, 0x00,
    0x00, 0x00, 0x00, 0x00, 0x00, 0x00, 0x00, 0x00, 0x00, 0x00, 0x00, 0x00, 0x00, 0x00, 0x00, 0x00,
    0x00, 0x00, 0x00, 0x00, 0x00, 0x00, 0x00, 0x00, 0x00, 0x00, 0x00, 0x00, 0x00, 0x00, 0x00, 0x00,
    0x00, 0x00, 0x00, 0x00, 0x00, 0x00, 0x00, 0x00, 0x00, 0x00, 0x00, 0x00, 0x00, 0x00, 0x00, 0x00,
    0x00, 0x00, 0x00, 0x00, 0x00, 0x00, 0x00, 0x00, 0x00, 0x00, 0x00, 0x00, 0x00, 0x00, 0x00, 0x00,
    0x00, 0x00, 0x00, 0x00, 0x00, 0x00, 0x00, 0x00, 0x00, 0x00, 0x00, 0x00, 0x00, 0x00, 0x00, 0x00,
    0x00, 0x00, 0x00, 0x00, 0x00, 0x00, 0x00, 0x00, 0x00, 0x00, 0x00, 0x00, 0x00, 0x00, 0x00, 0x00,
    0x00, 0x00, 0x00, 0x00, 0x00, 0x00, 0x00, 0x00, 0x00, 0x00, 0x00, 0x00, 0x00, 0x00, 0x00, 0x00,
    0x00, 0x00, 0x00, 0x00, 0x00, 0x00, 0x00, 0x00, 0x00, 0x00, 0x00, 0x00, 0x00, 0x00, 0x00, 0x00,
    0x00, 0x00, 0x00, 0x00, 0x00, 0x00, 0x00, 0x00, 0x00, 0x00, 0x00, 0x00, 0x00, 0x00, 0x00, 0x00,
    0x00, 0x00, 0x00, 0x00, 0x00, 0x00, 0x00, 0x00, 0x00, 0x00, 0x00, 0x00, 0x00, 0x00, 0x00, 0x00,
    0x00, 0x00, 0x00, 0x00, 0x00, 0x00, 0x00, 0x00, 0x00, 0x00, 0x00, 0x00, 0x00, 0x00, 0x00, 0x00,
    0x00, 0x00, 0x00, 0x00, 0x00, 0x00, 0x00, 0x00, 0x00, 0x00, 0x00, 0x00, 0x00, 0x00, 0x00, 0x00,
    0x00, 0x00, 0x00, 0x00, 0x76, 0x70, 0x72, 0x70, 0x44, 0x00, 0x00, 0x00, 0x00, 0x00, 0x00, 0x00,
    0x00, 0x00, 0x00, 0x00, 0x19, 0x00, 0x00, 0x00, 0x10, 0x00, 0x00, 0x00, 0x10, 0x00, 0x00, 0x00,
    0x01, 0x00, 0x01, 0x00, 0x10, 0x00, 0x00, 0x00, 0x10, 0x00, 0x00, 0x00, 0x01, 0x00, 0x00, 0x00,
    0x10, 0x00, 0x00, 0x00, 0x10, 0x00, 0x00, 0x00, 0x10, 0x00, 0x00, 0x00, 0x10, 0x00, 0x00, 0x00,
    0x00, 0x00, 0x00, 0x00, 0x00, 0x00, 0x00, 0x00, 0x00, 0x00, 0x00, 0x00, 0x00, 0x00, 0x00, 0x00,
    0x4a, 0x55, 0x4e, 0x4b, 0x04, 0x01, 0x00, 0x00, 0x6f, 0x64, 0x6d, 0x6c, 0x64, 0x6d, 0x6c, 0x68,
    0xf8, 0x00, 0x00, 0x00, 0x00, 0x00, 0x00, 0x00, 0x00, 0x00, 0x00, 0x00, 0x00, 0x00, 0x00, 0x00,
    0x00, 0x00, 0x00, 0x00, 0x00, 0x00, 0x00, 0x00, 0x00, 0x00, 0x00, 0x00, 0x00, 0x00, 0x00, 0x00,
    0x00, 0x00, 0x00, 0x00, 0x00, 0x00, 0x00, 0x00, 0x00, 0x00, 0x00, 0x00, 0x00, 0x00, 0x00, 0x00,
    0x00, 0x00, 0x00, 0x00, 0x00, 0x00, 0x00, 0x00, 0x00, 0x00, 0x00, 0x00, 0x00, 0x00, 0x00, 0x00,
    0x00, 0x00, 0x00, 0x00, 0x00, 0x00, 0x00, 0x00, 0x00, 0x00, 0x00, 0x00, 0x00, 0x00, 0x00, 0x00,
    0x00, 0x00, 0x00, 0x00, 0x00, 0x00, 0x00, 0x00, 0x00, 0x00, 0x00, 0x00, 0x00, 0x00, 0x00, 0x00,
    0x00, 0x00, 0x00, 0x00, 0x00, 0x00, 0x00, 0x00, 0x00, 0x00, 0x00, 0x00, 0x00, 0x00, 0x00, 0x00,
    0x00, 0x00, 0x00, 0x00, 0x00, 0x00, 0x00, 0x00, 0x00, 0x00, 0x00, 0x00, 0x00, 0x00, 0x00, 0x00,
    0x00, 0x00, 0x00, 0x00, 0x00, 0x00, 0x00, 0x00, 0x00, 0x00, 0x00, 0x00, 0x00, 0x00, 0x00, 0x00,
    0x00, 0x00, 0x00, 0x00, 0x00, 0x00, 0x00, 0x00, 0x00, 0x00, 0x00, 0x00, 0x00, 0x00, 0x00, 0x00,
    0x00, 0x00, 0x00, 0x00, 0x00, 0x00, 0x00, 0x00, 0x00, 0x00, 0x00, 0x00, 0x00, 0x00, 0x00, 0x00,
    0x00, 0x00, 0x00, 0x00, 0x00, 0x00, 0x00, 0x00, 0x00, 0x00, 0x00, 0x00, 0x00, 0x00, 0x00, 0x00,
    0x00, 0x00, 0x00, 0x00, 0x00, 0x00, 0x00, 0x00, 0x00, 0x00, 0x00, 0x00, 0x00, 0x00, 0x00, 0x00,
    0x00, 0x00, 0x00, 0x00, 0x00, 0x00, 0x00, 0x00, 0x00, 0x00, 0x00, 0x00, 0x00, 0x00, 0x00, 0x00,
    0x00, 0x00, 0x00, 0x00, 0x00, 0x00, 0x00, 0x00, 0x00, 0x00, 0x00, 0x00, 0x00, 0x00, 0x00, 0x00,
    0x00, 0x00, 0x00, 0x00, 0x00, 0x00, 0x00, 0x00, 0x00, 0x00, 0x00, 0x00, 0x4c, 0x49, 0x53, 0x54,
    0x1a, 0x00, 0x00, 0x00, 0x49, 0x4e, 0x46, 0x4f, 0x49, 0x53, 0x46, 0x54, 0x0e, 0x00, 0x00, 0x00,
    0x4c, 0x61, 0x76, 0x66, 0x36, 0x32, 0x2e, 0x31, 0x32, 0x2e, 0x31, 0x30, 0x32, 0x00, 0x4a, 0x55,
    0x4e, 0x4b, 0xf8, 0x03, 0x00, 0x00, 0x00, 0x00, 0x00, 0x00, 0x00, 0x00, 0x00, 0x00, 0x00, 0x00,
    0x00, 0x00, 0x00, 0x00, 0x00, 0x00, 0x00, 0x00, 0x00, 0x00, 0x00, 0x00, 0x00, 0x00, 0x00, 0x00,
    0x00, 0x00, 0x00, 0x00, 0x00, 0x00, 0x00, 0x00, 0x00, 0x00, 0x00, 0x00, 0x00, 0x00, 0x00, 0x00,
    0x00, 0x00, 0x00, 0x00, 0x00, 0x00, 0x00, 0x00, 0x00, 0x00, 0x00, 0x00, 0x00, 0x00, 0x00, 0x00,
    0x00, 0x00, 0x00, 0x00, 0x00, 0x00, 0x00, 0x00, 0x00, 0x00, 0x00, 0x00, 0x00, 0x00, 0x00, 0x00,
    0x00, 0x00, 0x00, 0x00, 0x00, 0x00, 0x00, 0x00, 0x00, 0x00, 0x00, 0x00, 0x00, 0x00, 0x00, 0x00,
    0x00, 0x00, 0x00, 0x00, 0x00, 0x00, 0x00, 0x00, 0x00, 0x00, 0x00, 0x00, 0x00, 0x00, 0x00, 0x00,
    0x00, 0x00, 0x00, 0x00, 0x00, 0x00, 0x00, 0x00, 0x00, 0x00, 0x00, 0x00, 0x00, 0x00, 0x00, 0x00,
    0x00, 0x00, 0x00, 0x00, 0x00, 0x00, 0x00, 0x00, 0x00, 0x00, 0x00, 0x00, 0x00, 0x00, 0x00, 0x00,
    0x00, 0x00, 0x00, 0x00, 0x00, 0x00, 0x00, 0x00, 0x00, 0x00, 0x00, 0x00, 0x00, 0x00, 0x00, 0x00,
    0x00, 0x00, 0x00, 0x00, 0x00, 0x00, 0x00, 0x00, 0x00, 0x00, 0x00, 0x00, 0x00, 0x00, 0x00, 0x00,
    0x00, 0x00, 0x00, 0x00, 0x00, 0x00, 0x00, 0x00, 0x00, 0x00, 0x00, 0x00, 0x00, 0x00, 0x00, 0x00,
    0x00, 0x00, 0x00, 0x00, 0x00, 0x00, 0x00, 0x00, 0x00, 0x00, 0x00, 0x00, 0x00, 0x00, 0x00, 0x00,
    0x00, 0x00, 0x00, 0x00, 0x00, 0x00, 0x00, 0x00, 0x00, 0x00, 0x00, 0x00, 0x00, 0x00, 0x00, 0x00,
    0x00, 0x00, 0x00, 0x00, 0x00, 0x00, 0x00, 0x00, 0x00, 0x00, 0x00, 0x00, 0x00, 0x00, 0x00, 0x00,
    0x00, 0x00, 0x00, 0x00, 0x00, 0x00, 0x00, 0x00, 0x00, 0x00, 0x00, 0x00, 0x00, 0x00, 0x00, 0x00,
    0x00, 0x00, 0x00, 0x00, 0x00, 0x00, 0x00, 0x00, 0x00, 0x00, 0x00, 0x00, 0x00, 0x00, 0x00, 0x00,
    0x00, 0x00, 0x00, 0x00, 0x00, 0x00, 0x00, 0x00, 0x00, 0x00, 0x00, 0x00, 0x00, 0x00, 0x00, 0x00,
    0x00, 0x00, 0x00, 0x00, 0x00, 0x00, 0x00, 0x00, 0x00, 0x00, 0x00, 0x00, 0x00, 0x00, 0x00, 0x00,
    0x00, 0x00, 0x00, 0x00, 0x00, 0x00, 0x00, 0x00, 0x00, 0x00, 0x00, 0x00, 0x00, 0x00, 0x00, 0x00,
    0x00, 0x00, 0x00, 0x00, 0x00, 0x00, 0x00, 0x00, 0x00, 0x00, 0x00, 0x00, 0x00, 0x00, 0x00, 0x00,
    0x00, 0x00, 0x00, 0x00, 0x00, 0x00, 0x00, 0x00, 0x00, 0x00, 0x00, 0x00, 0x00, 0x00, 0x00, 0x00,
    0x00, 0x00, 0x00, 0x00, 0x00, 0x00, 0x00, 0x00, 0x00, 0x00, 0x00, 0x00, 0x00, 0x00, 0x00, 0x00,
    0x00, 0x00, 0x00, 0x00, 0x00, 0x00, 0x00, 0x00, 0x00, 0x00, 0x00, 0x00, 0x00, 0x00, 0x00, 0x00,
    0x00, 0x00, 0x00, 0x00, 0x00, 0x00, 0x00, 0x00, 0x00, 0x00, 0x00, 0x00, 0x00, 0x00, 0x00, 0x00,
    0x00, 0x00, 0x00, 0x00, 0x00, 0x00, 0x00, 0x00, 0x00, 0x00, 0x00, 0x00, 0x00, 0x00, 0x00, 0x00,
    0x00, 0x00, 0x00, 0x00, 0x00, 0x00, 0x00, 0x00, 0x00, 0x00, 0x00, 0x00, 0x00, 0x00, 0x00, 0x00,
    0x00, 0x00, 0x00, 0x00, 0x00, 0x00, 0x00, 0x00, 0x00, 0x00, 0x00, 0x00, 0x00, 0x00, 0x00, 0x00,
    0x00, 0x00, 0x00, 0x00, 0x00, 0x00, 0x00, 0x00, 0x00, 0x00, 0x00, 0x00, 0x00, 0x00, 0x00, 0x00,
    0x00, 0x00, 0x00, 0x00, 0x00, 0x00, 0x00, 0x00, 0x00, 0x00, 0x00, 0x00, 0x00, 0x00, 0x00, 0x00,
    0x00, 0x00, 0x00, 0x00, 0x00, 0x00, 0x00, 0x00, 0x00, 0x00, 0x00, 0x00, 0x00, 0x00, 0x00, 0x00,
    0x00, 0x00, 0x00, 0x00, 0x00, 0x00, 0x00, 0x00, 0x00, 0x00, 0x00, 0x00, 0x00, 0x00, 0x00, 0x00,
    0x00, 0x00, 0x00, 0x00, 0x00, 0x00, 0x00, 0x00, 0x00, 0x00, 0x00, 0x00, 0x00, 0x00, 0x00, 0x00,
    0x00, 0x00, 0x00, 0x00, 0x00, 0x00, 0x00, 0x00, 0x00, 0x00, 0x00, 0x00, 0x00, 0x00, 0x00, 0x00,
    0x00, 0x00, 0x00, 0x00, 0x00, 0x00, 0x00, 0x00, 0x00, 0x00, 0x00, 0x00, 0x00, 0x00, 0x00, 0x00,
    0x00, 0x00, 0x00, 0x00, 0x00, 0x00, 0x00, 0x00, 0x00, 0x00, 0x00, 0x00, 0x00, 0x00, 0x00, 0x00,
    0x00, 0x00, 0x00, 0x00, 0x00, 0x00, 0x00, 0x00, 0x00, 0x00, 0x00, 0x00, 0x00, 0x00, 0x00, 0x00,
    0x00, 0x00, 0x00, 0x00, 0x00, 0x00, 0x00, 0x00, 0x00, 0x00, 0x00, 0x00, 0x00, 0x00, 0x00, 0x00,
    0x00, 0x00, 0x00, 0x00, 0x00, 0x00, 0x00, 0x00, 0x00, 0x00, 0x00, 0x00, 0x00, 0x00, 0x00, 0x00,
    0x00, 0x00, 0x00, 0x00, 0x00, 0x00, 0x00, 0x00, 0x00, 0x00, 0x00, 0x00, 0x00, 0x00, 0x00, 0x00,
    0x00, 0x00, 0x00, 0x00, 0x00, 0x00, 0x00, 0x00, 0x00, 0x00, 0x00, 0x00, 0x00, 0x00, 0x00, 0x00,
    0x00, 0x00, 0x00, 0x00, 0x00, 0x00, 0x00, 0x00, 0x00, 0x00, 0x00, 0x00, 0x00, 0x00, 0x00, 0x00,
    0x00, 0x00, 0x00, 0x00, 0x00, 0x00, 0x00, 0x00, 0x00, 0x00, 0x00, 0x00, 0x00, 0x00, 0x00, 0x00,
    0x00, 0x00, 0x00, 0x00, 0x00, 0x00, 0x00, 0x00, 0x00, 0x00, 0x00, 0x00, 0x00, 0x00, 0x00, 0x00,
    0x00, 0x00, 0x00, 0x00, 0x00, 0x00, 0x00, 0x00, 0x00, 0x00, 0x00, 0x00, 0x00, 0x00, 0x00, 0x00,
    0x00, 0x00, 0x00, 0x00, 0x00, 0x00, 0x00, 0x00, 0x00, 0x00, 0x00, 0x00, 0x00, 0x00, 0x00, 0x00,
    0x00, 0x00, 0x00, 0x00, 0x00, 0x00, 0x00, 0x00, 0x00, 0x00, 0x00, 0x00, 0x00, 0x00, 0x00, 0x00,
    0x00, 0x00, 0x00, 0x00, 0x00, 0x00, 0x00, 0x00, 0x00, 0x00, 0x00, 0x00, 0x00, 0x00, 0x00, 0x00,
    0x00, 0x00, 0x00, 0x00, 0x00, 0x00, 0x00, 0x00, 0x00, 0x00, 0x00, 0x00, 0x00, 0x00, 0x00, 0x00,
    0x00, 0x00, 0x00, 0x00, 0x00, 0x00, 0x00, 0x00, 0x00, 0x00, 0x00, 0x00, 0x00, 0x00, 0x00, 0x00,
    0x00, 0x00, 0x00, 0x00, 0x00, 0x00, 0x00, 0x00, 0x00, 0x00, 0x00, 0x00, 0x00, 0x00, 0x00, 0x00,
    0x00, 0x00, 0x00, 0x00, 0x00, 0x00, 0x00, 0x00, 0x00, 0x00, 0x00, 0x00, 0x00, 0x00, 0x00, 0x00,
    0x00, 0x00, 0x00, 0x00, 0x00, 0x00, 0x00, 0x00, 0x00, 0x00, 0x00, 0x00, 0x00, 0x00, 0x00, 0x00,
    0x00, 0x00, 0x00, 0x00, 0x00, 0x00, 0x00, 0x00, 0x00, 0x00, 0x00, 0x00, 0x00, 0x00, 0x00, 0x00,
    0x00, 0x00, 0x00, 0x00, 0x00, 0x00, 0x00, 0x00, 0x00, 0x00, 0x00, 0x00, 0x00, 0x00, 0x00, 0x00,
    0x00, 0x00, 0x00, 0x00, 0x00, 0x00, 0x00, 0x00, 0x00, 0x00, 0x00, 0x00, 0x00, 0x00, 0x00, 0x00,
    0x00, 0x00, 0x00, 0x00, 0x00, 0x00, 0x00, 0x00, 0x00, 0x00, 0x00, 0x00, 0x00, 0x00, 0x00, 0x00,
    0x00, 0x00, 0x00, 0x00, 0x00, 0x00, 0x00, 0x00, 0x00, 0x00, 0x00, 0x00, 0x00, 0x00, 0x00, 0x00,
    0x00, 0x00, 0x00, 0x00, 0x00, 0x00, 0x00, 0x00, 0x00, 0x00, 0x00, 0x00, 0x00, 0x00, 0x00, 0x00,
    0x00, 0x00, 0x00, 0x00, 0x00, 0x00, 0x00, 0x00, 0x00, 0x00, 0x00, 0x00, 0x00, 0x00, 0x00, 0x00,
    0x00, 0x00, 0x00, 0x00, 0x00, 0x00, 0x00, 0x00, 0x00, 0x00, 0x00, 0x00, 0x00, 0x00, 0x00, 0x00,
    0x00, 0x00, 0x00, 0x00, 0x00, 0x00, 0x00, 0x00, 0x00, 0x00, 0x00, 0x00, 0x00, 0x00, 0x00, 0x00,
    0x00, 0x00, 0x00, 0x00, 0x00, 0x00, 0x00, 0x00, 0x00, 0x00, 0x00, 0x00, 0x00, 0x00, 0x00, 0x00,
    0x00, 0x00, 0x00, 0x00, 0x00, 0x00, 0x00, 0x00, 0x00, 0x00, 0x00, 0x00, 0x00, 0x00, 0x4c, 0x49,
    0x53, 0x54, 0x0c, 0x03, 0x00, 0x00, 0x6d, 0x6f, 0x76, 0x69, 0x30, 0x30, 0x64, 0x63, 0x00, 0x03,
    0x00, 0x00, 0x00, 0x00, 0x00, 0x00, 0x00, 0x00, 0x00, 0x00, 0x00, 0x00, 0x00, 0x00, 0x00, 0x00,
    0x00, 0x00, 0x00, 0x00, 0x00, 0x00, 0x00, 0x00, 0x00, 0x00, 0x00, 0x00, 0x00, 0x00, 0x00, 0x00,
    0x00, 0x00, 0x00, 0x00, 0x00, 0x00, 0x00, 0x00, 0x00, 0x00, 0x00, 0x00, 0x00, 0x00, 0x00, 0x00,
    0x00, 0x00, 0x00, 0x00, 0x00, 0x00, 0x00, 0x00, 0x00, 0x00, 0x00, 0x00, 0x00, 0x00, 0x00, 0x00,
    0x00, 0x00, 0x00, 0x00, 0x00, 0x00, 0x00, 0x00, 0x00, 0x00, 0x00, 0x00, 0x00, 0x00, 0x00, 0x00,
    0x00, 0x00, 0x00, 0x00, 0x00, 0x00, 0x00, 0x00, 0x00, 0x00, 0x00, 0x00, 0x00, 0x00, 0x00, 0x00,
    0x00, 0x00, 0x00, 0x00, 0x00, 0x00, 0x00, 0x00, 0x00, 0x00, 0x00, 0x00, 0x00, 0x00, 0x00, 0x00,
    0x00, 0x00, 0x00, 0x00, 0x00, 0x00, 0x00, 0x00, 0x00, 0x00, 0x00, 0x00, 0x00, 0x00, 0x00, 0x00,
    0x00, 0x00, 0x00, 0x00, 0x00, 0x00, 0x00, 0x00, 0x00, 0x00, 0x00, 0x00, 0x00, 0x00, 0x00, 0x00,
    0x00, 0x00, 0x00, 0x00, 0x00, 0x00, 0x00, 0x00, 0x00, 0x00, 0x00, 0x00, 0x00, 0x00, 0x00, 0x00,
    0x00, 0x00, 0x00, 0x00, 0x00, 0x00, 0x00, 0x00, 0x00, 0x00, 0x00, 0x00, 0x00, 0x00, 0x00, 0x00,
    0x00, 0x00, 0x00, 0x00, 0x00, 0x00, 0x00, 0x00, 0x00, 0x00, 0x00, 0x00, 0x00, 0x00, 0x00, 0x00,
    0x00, 0x00, 0x00, 0x00, 0x00, 0x00, 0x00, 0x00, 0x00, 0x00, 0x00, 0x00, 0x00, 0x00, 0x00, 0x00,
    0x00, 0x00, 0x00, 0x00, 0x00, 0x00, 0x00, 0x00, 0x00, 0x00, 0x00, 0x00, 0x00, 0x00, 0x00, 0x00,
    0x00, 0x00, 0x00, 0x00, 0x00, 0x00, 0x00, 0x00, 0x00, 0x00, 0x00, 0x00, 0x00, 0x00, 0x00, 0x00,
    0x00, 0x00, 0x00, 0x00, 0x00, 0x00, 0x00, 0x00, 0x00, 0x00, 0x00, 0x00, 0x00, 0x00, 0x00, 0x00,
    0x00, 0x00, 0x00, 0x00, 0x00, 0x00, 0x00, 0x00, 0x00, 0x00, 0x00, 0x00, 0x00, 0x00, 0x00, 0x00,
    0x00, 0x00, 0x00, 0x00, 0x00, 0x00, 0x00, 0x00, 0x00, 0x00, 0x00, 0x00, 0x00, 0x00, 0x00, 0x00,
    0x00, 0x00, 0x00, 0x00, 0x00, 0x00, 0x00, 0x00, 0x00, 0x00, 0x00, 0x00, 0x00, 0x00, 0x00, 0x00,
    0x00, 0x00, 0x00, 0x00, 0x00, 0x00, 0x00, 0x00, 0x00, 0x00, 0x00, 0x00, 0x00, 0x00, 0x00, 0x00,
    0x00, 0x00, 0x00, 0x00, 0x00, 0x00, 0x00, 0x00, 0x00, 0x00, 0x00, 0x00, 0x00, 0x00, 0x00, 0x00,
    0x00, 0x00, 0x00, 0x00, 0x00, 0x00, 0x00, 0x00, 0x00, 0x00, 0x00, 0x00, 0x00, 0x00, 0x00, 0x00,
    0x00, 0x00, 0x00, 0x00, 0x00, 0x00, 0x00, 0x00, 0x00, 0x00, 0x00, 0x00, 0x00, 0x00, 0x00, 0x00,
    0x00, 0x00, 0x00, 0x00, 0x00, 0x00, 0x00, 0x00, 0x00, 0x00, 0x00, 0x00, 0x00, 0x00, 0x00, 0x00,
    0x00, 0x00, 0x00, 0x00, 0x00, 0x00, 0x00, 0x00, 0x00, 0x00, 0x00, 0x00, 0x00, 0x00, 0x00, 0x00,
    0x00, 0x00, 0x00, 0x00, 0x00, 0x00, 0x00, 0x00, 0x00, 0x00, 0x00, 0x00, 0x00, 0x00, 0x00, 0x00,
    0x00, 0x00, 0x00, 0x00, 0x00, 0x00, 0x00, 0x00, 0x00, 0x00, 0x00, 0x00, 0x00, 0x00, 0x00, 0x00,
    0x00, 0x00, 0x00, 0x00, 0x00, 0x00, 0x00, 0x00, 0x00, 0x00, 0x00, 0x00, 0x00, 0x00, 0x00, 0x00,
    0x00, 0x00, 0x00, 0x00, 0x00, 0x00, 0x00, 0x00, 0x00, 0x00, 0x00, 0x00, 0x00, 0x00, 0x00, 0x00,
    0x00, 0x00, 0x00, 0x00, 0x00, 0x00, 0x00, 0x00, 0x00, 0x00, 0x00, 0x00, 0x00, 0x00, 0x00, 0x00,
    0x00, 0x00, 0x00, 0x00, 0x00, 0x00, 0x00, 0x00, 0x00, 0x00, 0x00, 0x00, 0x00, 0x00, 0x00, 0x00,
    0x00, 0x00, 0x00, 0x00, 0x00, 0x00, 0x00, 0x00, 0x00, 0x00, 0x00, 0x00, 0x00, 0x00, 0x00, 0x00,
    0x00, 0x00, 0x00, 0x00, 0x00, 0x00, 0x00, 0x00, 0x00, 0x00, 0x00, 0x00, 0x00, 0x00, 0x00, 0x00,
    0x00, 0x00, 0x00, 0x00, 0x00, 0x00, 0x00, 0x00, 0x00, 0x00, 0x00, 0x00, 0x00, 0x00, 0x00, 0x00,
    0x00, 0x00, 0x00, 0x00, 0x00, 0x00, 0x00, 0x00, 0x00, 0x00, 0x00, 0x00, 0x00, 0x00, 0x00, 0x00,
    0x00, 0x00, 0x00, 0x00, 0x00, 0x00, 0x00, 0x00, 0x00, 0x00, 0x00, 0x00, 0x00, 0x00, 0x00, 0x00,
    0x00, 0x00, 0x00, 0x00, 0x00, 0x00, 0x00, 0x00, 0x00, 0x00, 0x00, 0x00, 0x00, 0x00, 0x00, 0x00,
    0x00, 0x00, 0x00, 0x00, 0x00, 0x00, 0x00, 0x00, 0x00, 0x00, 0x00, 0x00, 0x00, 0x00, 0x00, 0x00,
    0x00, 0x00, 0x00, 0x00, 0x00, 0x00, 0x00, 0x00, 0x00, 0x00, 0x00, 0x00, 0x00, 0x00, 0x00, 0x00,
    0x00, 0x00, 0x00, 0x00, 0x00, 0x00, 0x00, 0x00, 0x00, 0x00, 0x00, 0x00, 0x00, 0x00, 0x00, 0x00,
    0x00, 0x00, 0x00, 0x00, 0x00, 0x00, 0x00, 0x00, 0x00, 0x00, 0x00, 0x00, 0x00, 0x00, 0x00, 0x00,
    0x00, 0x00, 0x00, 0x00, 0x00, 0x00, 0x00, 0x00, 0x00, 0x00, 0x00, 0x00, 0x00, 0x00, 0x00, 0x00,
    0x00, 0x00, 0x00, 0x00, 0x00, 0x00, 0x00, 0x00, 0x00, 0x00, 0x00, 0x00, 0x00, 0x00, 0x00, 0x00,
    0x00, 0x00, 0x00, 0x00, 0x00, 0x00, 0x00, 0x00, 0x00, 0x00, 0x00, 0x00, 0x00, 0x00, 0x00, 0x00,
    0x00, 0x00, 0x00, 0x00, 0x00, 0x00, 0x00, 0x00, 0x00, 0x00, 0x00, 0x00, 0x00, 0x00, 0x00, 0x00,
    0x00, 0x00, 0x00, 0x00, 0x00, 0x00, 0x00, 0x00, 0x00, 0x00, 0x00, 0x00, 0x00, 0x00, 0x00, 0x00,
    0x00, 0x00, 0x00, 0x00, 0x00, 0x00, 0x00, 0x00, 0x00, 0x00, 0x00, 0x00, 0x00, 0x00, 0x00, 0x00,
    0x00, 0x00, 0x00, 0x00, 0x00, 0x00, 0x00, 0x00, 0x00, 0x00, 0x00, 0x00, 0x00, 0x00, 0x00, 0x00,
    0x00, 0x00, 0x69, 0x64, 0x78, 0x31, 0x10, 0x00, 0x00, 0x00, 0x30, 0x30, 0x64, 0x63, 0x10, 0x00,
    0x00, 0x00, 0x04, 0x00, 0x00, 0x00, 0x00, 0x03, 0x00, 0x00,
];
pub const USM_STUB: &[u8] = &[
    0x40, 0x43, 0x52, 0x49, 0x44, 0x00, 0x00, 0x00, 0x18, 0x00, 0x00, 0x00, 0x00, 0x00, 0x00, 0x00,
    0x00, 0x00, 0x00, 0x00, 0x00, 0x00, 0x00, 0x00, 0x00, 0x00, 0x00, 0x00, 0x00, 0x00, 0x00, 0x00,
    0x00, 0x40, 0x53, 0x46, 0x56, 0x00, 0x00, 0x00, 0x00,
];

/// Fallback 0-byte stub for formats without dedicated micro-stubs.
pub const FALLBACK_STUB: &[u8] = &[];

/// Determines the appropriate micro-stub bytes from the magic signature in an initial byte buffer.
pub fn stub_for_magic(header: &[u8]) -> Option<&'static [u8]> {
    if header.len() >= 3 && &header[0..3] == b"BIK" {
        return Some(BIK1_STUB);
    }
    if header.len() >= 3 && &header[0..3] == b"KB2" {
        return Some(BINK2_STUB);
    }
    if header.len() >= 4 && header[0..4] == [0x1a, 0x45, 0xdf, 0xa3] {
        return Some(WEBM_STUB);
    }
    if header.len() >= 4 && &header[0..4] == b"OggS" {
        return Some(OGG_THEORA_STUB);
    }
    if header.len() >= 8 {
        let tag = &header[4..8];
        if tag == b"ftyp" || tag == b"moov" || tag == b"mdat" || tag == b"wide" || tag == b"free" || tag == b"skip" {
            return Some(MP4_STUB);
        }
    }
    if header.len() >= 12 && &header[0..4] == b"RIFF" && (&header[8..12] == b"AVI " || &header[8..12] == b"AVIX") {
        return Some(AVI_STUB);
    }
    if header.len() >= 16 && header[0..16] == [
        0x30, 0x26, 0xb2, 0x75, 0x8e, 0x66, 0xcf, 0x11,
        0xa6, 0xd9, 0x00, 0xaa, 0x00, 0x62, 0xce, 0x6c,
    ] {
        return Some(WMV_STUB);
    }
    if header.len() >= 5 && &header[0..5] == b"@CRID" {
        return Some(USM_STUB);
    }
    None
}

/// Determines the appropriate micro-stub bytes based on file extension.
pub fn stub_for_extension(ext: &str) -> &'static [u8] {
    let lower = ext.to_ascii_lowercase();
    match lower.as_str() {
        "bik" => BIK1_STUB,
        "bk2" => BINK2_STUB,
        "mp4" | "m4v" => MP4_STUB,
        "webm" | "mkv" => WEBM_STUB,
        "ogv" | "ogg" => OGG_THEORA_STUB,
        "wmv" => WMV_STUB,
        "avi" => AVI_STUB,
        "usm" => USM_STUB,
        _ => FALLBACK_STUB,
    }
}

/// Detects the appropriate stub bytes for a given file path:
/// 1. Tries to read the first 16+ bytes of the file to check its magic header.
/// 2. If the file cannot be read or magic is unknown, falls back to the file extension.
/// 3. If extension is unknown, returns `FALLBACK_STUB` (&[]).
pub fn detect_stub_bytes(path: &Path) -> &'static [u8] {
    if let Ok(mut file) = File::open(path) {
        let mut buf = [0u8; 32];
        if let Ok(n) = file.read(&mut buf) {
            if n > 0 {
                if let Some(stub) = stub_for_magic(&buf[..n]) {
                    return stub;
                }
            }
        }
    }

    if let Some(ext) = path.extension().and_then(|e| e.to_str()) {
        return stub_for_extension(ext);
    }

    FALLBACK_STUB
}

/// Writes the format-appropriate stub bytes to `path`, creating or replacing the file.
/// Returns the number of bytes written.
pub fn write_stub(path: &Path) -> io::Result<usize> {
    let bytes = detect_stub_bytes(path);
    if let Some(parent) = path.parent() {
        fs::create_dir_all(parent)?;
    }
    fs::write(path, bytes)?;
    Ok(bytes.len())
}

#[cfg(test)]
mod tests {
    use super::*;
    use tempfile::tempdir;

    #[test]
    fn stub_constants_have_expected_signatures_and_non_zero_lengths() {
        assert!(!BIK1_STUB.is_empty());
        assert_eq!(&BIK1_STUB[0..4], b"BIKi");

        assert!(!BINK2_STUB.is_empty());
        assert_eq!(&BINK2_STUB[0..4], b"KB2k");

        assert!(!MP4_STUB.is_empty());
        assert_eq!(&MP4_STUB[4..8], b"ftyp");

        assert!(!WEBM_STUB.is_empty());
        assert_eq!(&WEBM_STUB[0..4], &[0x1a, 0x45, 0xdf, 0xa3]);

        assert!(!OGG_THEORA_STUB.is_empty());
        assert_eq!(&OGG_THEORA_STUB[0..4], b"OggS");

        assert!(!WMV_STUB.is_empty());
        assert_eq!(&WMV_STUB[0..4], &[0x30, 0x26, 0xb2, 0x75]);

        assert!(!AVI_STUB.is_empty());
        assert_eq!(&AVI_STUB[0..4], b"RIFF");

        assert!(!USM_STUB.is_empty());
        assert_eq!(&USM_STUB[0..5], b"@CRID");

        assert!(FALLBACK_STUB.is_empty());
    }

    #[test]
    fn stub_for_magic_identifies_all_stub_types() {
        assert_eq!(stub_for_magic(BIK1_STUB), Some(BIK1_STUB));
        assert_eq!(stub_for_magic(b"BIKh_some_other_data"), Some(BIK1_STUB));
        assert_eq!(stub_for_magic(BINK2_STUB), Some(BINK2_STUB));
        assert_eq!(stub_for_magic(b"KB2d_some_other_data"), Some(BINK2_STUB));
        assert_eq!(stub_for_magic(MP4_STUB), Some(MP4_STUB));
        assert_eq!(stub_for_magic(WEBM_STUB), Some(WEBM_STUB));
        assert_eq!(stub_for_magic(OGG_THEORA_STUB), Some(OGG_THEORA_STUB));
        assert_eq!(stub_for_magic(WMV_STUB), Some(WMV_STUB));
        assert_eq!(stub_for_magic(AVI_STUB), Some(AVI_STUB));
        assert_eq!(stub_for_magic(USM_STUB), Some(USM_STUB));
        assert_eq!(stub_for_magic(b"UNKNOWN_DATA"), None);
    }

    #[test]
    fn stub_for_extension_resolves_all_supported_video_formats() {
        assert_eq!(stub_for_extension("bik"), BIK1_STUB);
        assert_eq!(stub_for_extension("BIK"), BIK1_STUB);
        assert_eq!(stub_for_extension("bk2"), BINK2_STUB);
        assert_eq!(stub_for_extension("BK2"), BINK2_STUB);
        assert_eq!(stub_for_extension("mp4"), MP4_STUB);
        assert_eq!(stub_for_extension("m4v"), MP4_STUB);
        assert_eq!(stub_for_extension("webm"), WEBM_STUB);
        assert_eq!(stub_for_extension("mkv"), WEBM_STUB);
        assert_eq!(stub_for_extension("ogv"), OGG_THEORA_STUB);
        assert_eq!(stub_for_extension("ogg"), OGG_THEORA_STUB);
        assert_eq!(stub_for_extension("wmv"), WMV_STUB);
        assert_eq!(stub_for_extension("avi"), AVI_STUB);
        assert_eq!(stub_for_extension("usm"), USM_STUB);
        assert_eq!(stub_for_extension("txt"), FALLBACK_STUB);
        assert_eq!(stub_for_extension("exe"), FALLBACK_STUB);
    }

    #[test]
    fn detect_stub_bytes_falls_back_to_extension_when_file_does_not_exist() {
        let path = Path::new("non_existent/video.bik");
        assert_eq!(detect_stub_bytes(path), BIK1_STUB);

        let path = Path::new("non_existent/video.bk2");
        assert_eq!(detect_stub_bytes(path), BINK2_STUB);

        let path = Path::new("non_existent/video.mp4");
        assert_eq!(detect_stub_bytes(path), MP4_STUB);

        let path = Path::new("non_existent/video.webm");
        assert_eq!(detect_stub_bytes(path), WEBM_STUB);

        let path = Path::new("non_existent/video.ogv");
        assert_eq!(detect_stub_bytes(path), OGG_THEORA_STUB);
    }

    #[test]
    fn detect_stub_bytes_uses_magic_from_existing_file() {
        let dir = tempdir().unwrap();
        let file_path = dir.path().join("renamed_video.dat");

        // Write BIK1 bytes to a .dat file
        fs::write(&file_path, BIK1_STUB).unwrap();
        assert_eq!(detect_stub_bytes(&file_path), BIK1_STUB);

        // Write MP4 bytes to a .dat file
        fs::write(&file_path, MP4_STUB).unwrap();
        assert_eq!(detect_stub_bytes(&file_path), MP4_STUB);

        // Write WebM bytes to a .dat file
        fs::write(&file_path, WEBM_STUB).unwrap();
        assert_eq!(detect_stub_bytes(&file_path), WEBM_STUB);
    }

    #[test]
    fn write_stub_creates_valid_micro_stub_file() {
        let dir = tempdir().unwrap();
        let file_path = dir.path().join("intro.bk2");

        let written = write_stub(&file_path).expect("write_stub should succeed");
        assert_eq!(written, BINK2_STUB.len());
        assert!(file_path.exists());

        let contents = fs::read(&file_path).unwrap();
        assert_eq!(contents, BINK2_STUB);
    }
}
